6-Apr,,,,,,,,
,,,,,,,,
Date,Max,Min,Liquid,Snow,Depth,,,
1,76,48,0.23,0,0,,,
2,72,48,T,0,0,,,
3,62,50,0.22,0,0,,,
4,59,38,0.08,0,0,,,
5,50,40,T,0,0,,,
6,62,48,0,0,0,,,
7,69,48,0.36,0,0,,,
8,50,36,0.56,0,0,,,
9,52,42,0,0,0,,,
10,70,42,0,0,0,,,
11,75,52,0,0,0,,,
12,76,58,0,0,0,,,
13,81,58,0,0,0,,,
14,72,58,0.01,0,0,,,
15,84,54,0,0,0,,,
16,74,50,0,0,0,,,
17,70,50,0,0,0,,,
18,76,52,0,0,0,,,
19,81,60,0,0,0,,,
20,89,56,0,0,0,,,
21,68,48,0.62,0,0,,,
22,62,50,1.95,0,0,,,
23,70,52,0.11,0,0,,,
24,72,52,0.04,0,0,,,
25,78,42,0.07,0,0,,,
26,72,48,0,0,0,,,
27,78,52,0,0,0,,,
28,69,49,0,0,0,,,
29,68,42,0,0,0,,,
30,70,52,0,0,0,,,
31,,,,,,,,
,,,,,,,,
#days,30,,,,,,,
Sum,2107,1475,4.25,0,0,,,
Avg,70.23,49.17,,,,,,
Avg Month,59.7,,,,,,,
,,,,,,,,
,,,,,,,,
,,,,,,,,
6-May,,,,,,,,
,,,,,,,,
Date,Max,Min,Liquid,Snow,Depth,,,
1,72,48,0,0,0,,,
2,80,48,0,0,0,,,
3,78,58,0,0,0,,,
4,86,51,0,0,0,,,
5,86,64,0,0,0,,,
6,82,48,0,0,0,,,
7,72,52,T,0,0,,,
8,66,54,0,0,0,,,
9,76,56,0,0,0,,,
10,82,58,0,0,0,,,
11,76,58,0.87,0,0,,,
12,74,51,0,0,0,,,
13,78,52,0.1,0,0,,,
14,68,50,0.7,0,0,,,
15,74,54,9.6,0,0,,,
16,72,54,0.2,0,0,,,
17,74,58,0,0,0,,,
18,78,56,0.18,0,0,,,
19,70,56,T,0,0,,,
20,76,52,0,0,0,,,
21,76,58,T,0,0,,,
22,70,48,0,0,0,,,
23,74,52,0,0,0,,,
24,78,62,0,0,0,,,
25,78,56,0,0,0,,,
26,84,62,0.14,0,0,,,
27,87,54,0,0,0,,,
28,92,78,0,0,0,,,
29,98,68,0,0,0,,,
30,86,78,0,0,0,,,
31,92,70,0,0,0,,,
,,,,,,,,
#days,31,,,,,,,
Sum,2435,1764,11.79,0,0,,,
Avg,78.5,56.9,,,,,,
Avg Month,67.7,,,,,,,
,,,,,,,,
,,,,,,,,
,,,,,,,,
6-Jun,,,,,,,,
,,,,,,,,
Date,Max,Min,Liquid,Snow,Depth,,,
1,96,70,0.59,0,0,,,
2,85,52,3.21,0,0,,,
3,77,60,2.7,0,0,,,
4,78,60,0,0,0,,,
5,76,60,0,0,0,,,
6,80,60,0,0,0,,,
7,76,60,0.41,0,0,,,
8,80,58,0.21,0,0,,,
9,82,60,0.19,0,0,,,
10,74,55,0,0,0,,,
11,79,54,0,0,0,,,
12,76,60,0,0,0,,,
13,88,68,0,0,0,,,
14,83,62,0.8,0,0,,,
15,84,65,0,0,0,,,
16,90,69,0,0,0,,,
17,90,70,0,0,0,,,
18,96,74,0,0,0,,,
19,92,72,0,0,0,,,
20,91,70,0,0,0,,,
21,92,76,0,0,0,,,
22,95,73,0.11,0,0,,,
23,95,76,0.13,0,0,,,
24,88,72,0.8,0,0,,,
25,82,72,0,0,0,,,
26,82,74,4.2,0,0,,,
27,83,72,3.55,0,0,,,
28,85,70,0.4,0,0,,,
29,87,72,0.27,0,0,,,
30,86,69,0.01,0,0,,,
31,,,,,,,,
,,,,,,,,
#days 30,,,,,,,,
Sum,2548,1985,17.58,0,0,,,
Avg,84.9,66.2,,,,,,
Avg Month,75.6,,,,,,,
,,,,,,,,
,,,,,,,,
,,,,,,,,
6-Jul,,,,,,,,
,,,,,,,,
Date,Max,Min,Liquid,Snow,Depth,,,
1,90,72,0,0,0,,,
2,95,73,0.42,0,0,,,
3,94,78,0,0,0,,,
4,95,75,0.31,0,0,,,
5,84,67,0.74,0,0,,,
6,82,64,0.01,0,0,,,
7,88,72,0,0,0,,,
8,86,71,0,0,0,,,
9,89,71,0,0,0,,,
10,92,76,0,0,0,,,
11,98,79,0,0,0,,,
12,96,76,0.1,0,0,,,
13,96,72,0,0,0,,,
14,97,71,0,0,0,,,
15,88,74,0.11,0,0,,,
16,97,79,0,0,0,,,
17,104,81,0,0,0,,,
18,104,80,0.24,0,0,,,
19,94,75,0,0,0,,,
20,93,79,0,0,0,,,
21,95,74,0.29,0,0,,,
22,87,71,1.95,0,0,,,
23,87,68,T,0,0,,,
24,92,74,0,0,0,,,
25,89,74,0,0,0,,,
26,89,75,0,0,0,,,
27,93,74,0.65,0,0,,,
28,93,73,0.47,0,0,,,
29,92,78.5,0,0,0,,,
30,93,79.1,0,0,0,,,
31,94,80.4,0,0,0,,,
,,,,,,,,
#days,31,,,,,,,
Sum,2866,2306,5.29,0,0,,,
Avg,92.5,74.4,0.2,,,,,
Avg Month,83.4,,,,,,,
,,,,,,,,
,,,,,,,,
,,,,,,,,
6-Aug,,,,,,,,
,,,,,,,,
Date,Max,Min,Liquid,Snow,Depth,,,
1,98.9,83.7,0,0,0,,,
2,97.8,82.7,0,0,0,,,
3,99,82.7,0,0,0,,,
4,89.2,72,0,0,0,,,
5,91.5,72.3,0,0,0,,,
6,91.5,75,0,0,0,,,
7,89.8,75,0,0,0,,,
8,88.6,67.7,0,0,0,,,
9,85.5,72,0,0,0,,,
10,82.9,67.6,1.42,0,0,,,
11,81.9,63.6,0,0,0,,,
12,80.6,61.2,0,0,0,,,
13,83.1,68.2,0,0,0,,,
14,87.2,74.3,0,0,0,,,
15,87.7,68.3,0,0,0,,,
16,88.8,68.3,0,0,0,,,
17,87.4,70.8,0,0,0,,,
18,86,71.5,0,0,0,,,
19,87.5,75.2,0,0,0,,,
20,90.5,68.4,0,0,0,,,
21,86.5,68.5,0,0,0,,,
22,88.1,70,0,0,0,,,
23,87.9,70,0.23,0,0,,,
24,87.4,63.5,Trace,0,0,,,
25,88.2,70.4,0.73,0,0,,,
26,73.4,68.9,0.57,0,0,,,
27,80.2,70.2,3.18,0,0,,,
28,82.6,71.6,0.01,0,0,,,
29,78.3,64,1.5,0,0,,,
30,69.8,64.4,Trace,0,0,,,
31,72.1,64.2,0,0,0,,AVG SUMMER TEMP,
,,,,,,,79.1,
#days31,,,,,,,,
Sum,2669.9,2186.2,7.64,0,0,,,
Avg,86.1,70.5,,,,,,
Avg Month,78.3,,,,,,,
,,,,,,,,
,,,,,,,,
,,,,,,,,
6-Sep,,,,,,,,
,,,,,,,,
Date,Max,Min,Liquid,Snow,Depth,,,
1,67,60,1.36,0,0,,,
2,70,62,0.89,0,0,,,
3,75,63,0,0,0,,,
4,78,66,0.01,0,0,,,
5,72,62,1.38,0,0,,,
6,78,61,Trace,0,0,,,
7,83,62,0,0,0,,,
8,84,65,0,0,0,,,
9,86,66,0,0,0,,,
10,78,63,0.07,0,0,,,
11,78,56,0,0,0,,,
12,71,59,0,0,0,,,
13,71,63,0.5,0,0,,,
14,70,65,0.71,0,0,,,
15,75,66,0.06,0,0,,,
16,76,64,0.01,0,0,,,
17,82,66,0,0,0,,,
18,85,68,0,0,0,,,
19,78,60,0,0,0,,,
20,70,57,0,0,0,,,
21,69,52,0,0,0,,,
22,72,54,0,0,0,,,
23,80,67,0.09,0,0,,,
24,79,62,0.21,0,0,,,
25,72,56,0,0,0,,,
26,74,57,0,0,0,,,
27,77,62,0,0,0,,,
28,79,56,0.43,0,0,,,
29,65,55,Trace,0,0,,,
30,65,57,0.34,0,0,,,
31,,,,,,,,
#days31,,,,,,,,
Sum,2257.9,1831.5,6.06,0,0,,,
Avg,75.26,61.05,,,,,,
Avg Month,68.16,,,,,,,
,,,,,,,,
,,,,,,,,
,,,,,,,,
6-Oct,,,,,,,,
,,,,,,,,
Date,Max,Min,Liquid,Snow,Depth,,,
1,73,54,0,0,0,,,
2,72,56,0,0,0,,,
3,71,58,0,0,0,,,
4,71,54,0,0,0,,,
5,83,66,0.49,0,0,,,
6,73,56,0.22,0,0,,,
7,60,49,T,0,0,,,
8,73,52,0,0,0,,,
9,79,56,0,0,0,,,
10,80,61,0,0,0,,,
11,68,60,1.43,0,0,,,
12,71,48,0,0,0,,,
13,55,41,0,0,0,,,
14,60,44,0,0,0,,,
15,59,42,0,0,0,,,
16,64,42,0,0,0,,,
17,62,54,1.35,0,0,,,
18,73,62,0,0,0,,,
19,69,60,0.69,0,0,,,
20,67,50,0.04,0,0,,,
21,59,44,0,0,0,,,
22,61,45,0,0,0,,,
23,57,46,0,0,0,,,
24,50,39,0,0,0,,,
25,53,41,0,0,0,,,
26,51,42,0,0,0,,,
27,48,38,1.49,0,0,,,
28,67,45,0.02,0,0,,,
29,56,44,0,0,0,,,
30,64,43,0,0,0,,,
31,72,50,0.02,0,0,,,
,,,,,,,,
#days31,,,,,,,,
Sum,2021,1542,5.75,0,0,,,
Avg,65.2,49.7,,,,,,
Avg Month,57.5,,,,,,,
,,,,,,,,
,,,,,,,,
,,,,,,,,
6-Nov,,,,,,,,
,,,,,,,,
Date,Max,Min,Liquid,Snow,Depth,,,
1,68,55,0.3,0,0,,,
2,57,40,0,0,0,,,
3,46,33,0,0,0,,,
4,46,31,0,0,0,,,
5,51,36,0,0,0,,,
6,56,37,0,0,0,,,
7,61,43,1.81,0,0,,,
8,57,54,0.87,0,0,,,
9,68,55,0,0,0,,,
10,67,52,T,0,0,,,
11,73,49,0,0,0,,,
12,62,48,0.86,0,0,,,
13,58,50,0.46,0,0,,,
14,58,54,T,0,0,,,
15,68,54,0,0,0,,,
16,70,54,0,0,0,,,
17,61,42,0,0,0,,,
18,50,39,0,0,0,,,
19,48,40,0,0,0,,,
20,42,38,0,0,0,,,
21,43,32,0,0,0,,,
22,43,39,0.3,0,0,,,
23,46,40,0.25,0,0,,,
24,63,43,0,0,0,,,
25,57,38,0,0,0,,,
26,58,35,0,0,0,,,
27,59,38,0,0,0,,,
28,62,39,0,0,0,,,
29,62,47,0,0,0,,,
30,68,53,0,0,0,,,
31,,,,,,,,
,,,,,,,,
#days31,,,,,,,,
Sum,1728,1308,4.85,0,0,,,
Avg,57.6,43.6,,,,,,
Avg Month,50.6,,,,,,,
,,,,,,,,
,,,,,,,,
,,,,,,,,
6-Dec,,,,,,,,
,,,,,,,,
Date,Max,Min,Liquid,Snow,Depth,,,
1,69,44,0.16,0,0,,,
2,44,36,0,0,0,,,
3,44,32,0,0,0,,,
4,40,30,0,0,0,,,
5,37,29,0,0,0,,,
6,49,31,0,0,0,,,
7,52,26,0,0,0,,,
8,33,22,0,0,0,,,
9,40,21,0,0,0,,,
10,55,32,0,0,0,,,
11,61,41,0,0,0,,,
12,50,43,0.06,0,0,,,
13,52,46,0.12,0,0,,,
14,51,43,T,0,0,,,
15,51,43,0,0,0,,,
16,53,43,0,0,0,,,
17,55,40,0,0,0,,,
18,67,47,0,0,0,,,
19,47,37,0,0,0,,,
20,45,34,0,0,0,,,
21,50,36,0,0,0,,,
22,54,43,1.22,0,0,,,
23,59,47,0.46,0,0,,,
24,53,42,0,0,0,,,
25,48,40,0.56,0,0,,,
26,52,43,T,0,0,,,
27,43,38,0,0,0,,,
28,50,35,0,0,0,,,
29,52,41,0,0,0,,,
30,52,41,0,0,0,,,
31,45,34,0,0,0,,,
,,,,,,,,
#days,31,,,,,,,
Sum,1553,1160,2.58,0,0,,,
Avg,50.1,37.4,,,,,,
Avg Month,43.8,,,,,,,
,,,,,,,,
,,,,,,,,
,,,,,,,,
7-Jan,,,,,,,,
,,,,,,,,
Day,Max,Min,Liquid,Snow,Depth,,,
1,57,44,1.8,0,0,,,
2,49,40,0,0,0,,,
3,52,35,0,0,0,,,
4,58,41,0.02,0,0,,,
5,62,52,0.15,0,0,,,
6,70,56,T,0,0,,,
7,57,43,0.4,0,0,,,
8,55,38,0.75,0,0,,,
9,44,34,0,0,0,,,
10,39,26,0,0,0,,,
11,48,34,0.02,0,0,,,
12,59,47,T,0,0,,,
13,54,47,0.03,0,0,,,
14,63,43,0,0,0,,,
15,63,43,0,0,0,,,
16,61,27,0,0,0,,,
17,33,20,0,0,0,,,
18,36,26,0.2,0.2,T,,,
19,41,32,0,0,0,,,
20,33,24,T,0,0,,,
21,28,20,0.1,0.5,0.5,,,
22,34,25,T,0.3,T,,,
23,37,30,T,0.2,0,,,
24,39,32,0,0,0,,,
25,35,17,T,T,0,,,
26,25,9,0,0,0,,,
27,42,24,0,0,0,,,
28,42,30,0.7,0.4,0.4,,,
29,30,22,0,0,0,,,
30,37,22,0.01,0.2,0.2,,,
31,31,22,0,0,0,,,
,,,,,,,,
#days,31,,,,,,,
Sum,1414,1005,4.18,1.8,1.1,,,
Avg,45.6,32.4,,,,,,
Avg Month,39,,,,,,,
,,,,,,,,
,,,,,,,,
,,,,,,,, 
7-Feb,,,,,,,,
,,,,,,,,
Day,Max,Min,Liquid,Snow,Depth,,,
1,35,27,T,T,0,,,
2,40,31,0.15,0,0,,,
3,33,21,0,0,0,,,
4,30,16,0,0,0,,,
5,16,8,0,0,0,,,
6,19,8,0.02,0.5,0.5,,,
7,23,13,0,0,0,,,
8,26,14,0,0,0,,,
9,30,18,0,0,0,,,
10,31,21,0,0,0,,,
11,32,18,0,0,0,,,
12,43,27,0.01,0.5,0.5,,,
13,39,21,0.75,2.1,2.1,,,
14,34,18,0.05,0.5,2,,,
15,21,13,0,0,2,,,
16,25,13,0,0,2,,,
17,35,19,0,0,1.75,,,
18,32,20,T,T,1.5,,,
19,29,13,0,0,1,,,
20,46,29,0.1,0,0,,,
21,51,39,0,0,0,,,
22,45,35,0.09,0,0,,,
23,38,25,0,0,0,,,
24,38,19,0,0,0,,,
25,35,27,0.57,1.2,1.2,,,
26,37,32,0,0,0.5,,,
27,47,35,0,0,0,,,
28,43,35,0,0,0,,,
29,,,,,,,,
30,,,,,,,AVG WINTER TEMPERATURE,
31,,,,,,,36.9,
,,,,,,,,
#days,28,,,,,,,
Sum,953,615,1.74,4.8,15.05,,,
Avg,34,22,,,,,,
Avg Month,28,,,,,,,
,,,,,,,,
,,,,,,,,
,,,,,,,,
7-Mar,,,,,,,,
,,,,,,,,
Day,Max,Min,Liquid,Snow,Depth,,,
1,51,36,1.63,0,0,,,
2,60,40,0,0,0,,,
3,56,37,0,0,0,,,
4,39,32,0,0,0,,,
5,40,23,0,0,0,,,
6,25,15,0.03,0.2,T,,,
7,25,15,0.085,1.2,1.3,,,
8,35,18,0,0,0,,,
9,39,19,0,0,0,,,
10,61,32,0.07,0,0,,,
11,52,39,0,0,0,,,
12,55,36,0,0,0,,,
13,67,52,0,0,0,,,
14,78,52,0,0,0,,,
15,69,39,0.79,0,0,,,
16,40,25,,,,,,
17,33,26,,,,,,
18,39,26,,,,,,
19,46,30,T,0,0,,,
20,52,36,0,0,0,,,
21,49,29,T,0,0,,,
22,68,41,0.05,0,0,,,
23,64,52,0.19,0,0,,,
24,56,48,0.1,0,0,,,
25,58,41,0,0,0,,,
26,57,39,0,0,0,,,
27,82,51,0,0,0,,,
28,70,50,0,0,0,,,
29,59,38,0,0,0,,,
30,65,40,0,0,0,,,
31,57,46,T,0,0,,,
,,,,,,,,
#days,31,,,,,,,
Sum,1647,1103,2.95,1.4,1.3,,,
Avg,53.1,35.6,,,,,,
Avg Month,44.4,,,,,,,
,,,,,,,,
,,,,,,,,
,,,,,,,,
7-Apr,,,,,,,,
,,,,,,,,
Day,Max,Min,Liquid,Snow,Depth,,,
1,53,43,0.07,0,0,,,
2,77,43,0,0,0,,,
3,69,45,0.53,0,0,,,
4,46,41,0.59,0,0,,,
5,42,34,0.05,0,0,,,
6,42,32,0,0,0,,,
7,39,32,0,0,0,,,
8,40,30,0,0,0,,,
9,44,32,0,0,0,,,
10,49,35,0,0,0,,,
11,56,37,1.13,0,0,,,
12,51,40,0.03,0,0,,,
13,50,42,0,0,0,,,
14,56,39,2.25,0,0,,,
15,48,41,3.1,0,0,,,
16,43,33,0.15,0,0,,,
17,51,40,0.01,0,0,,,
18,53,41,0.03,0,0,,,
19,57,45,0.01,0,0,,,
20,72,43,0,0,0,,,
21,77,47,0,0,0,,,
22,81,58,0,0,0,,,
23,82,59,0,0,0,,,
24,78,63,0,0,0,,,
25,74,49,0.01,0,0,,,
26,60,47,1.08,0,0,,,
27,62,47,0.5,0,0,,,
28,67,54,0.25,0,0,,,
29,71,53,0.25,0,0,,,
30,82,55,0,0,0,,,
31,,,,,,,,TOTAL WINTER SNOW FALL
,,,,,,,,8
#days,30,,,,,,,
Sum,1772,1300,10.04,0,0,,,
Avg,59.1,43.3,,,,,,
Avg Month,51.2,,,,,,,
,,,,,,,,
,,,,,,,,
,,,,,,,,
7-May,,,,,,,,
,,,,,,,,
Day,Max,Min,Liquid,Snow,Depth,,,
1,72,56,T,0,0,,,
2,73,55,0,0,0,,,
3,72,54,0,0,0,,,
4,72,53,0,0,0,,,
5,74,52,0,0,0,,,
6,62,47,0,0,0,,,
7,66,44,0,0,0,,,
8,74,48,0,0,0,,,
9,78,57,0,0,0,,,
10,80,65,0,0,0,,,
11,83,64,0,0,0,,,
12,79,58,0.46,0,0,,,
13,71,53,0,0,0,,,
14,67,51,0,0,0,,,
15,81,56,0,0,0,,,
16,83,62,0.75,0,0,,,
17,70,54,0.04,0,0,,,
18,63,51,0,0,0,,,
19,66,48,0.02,0,0,,,
20,74,54,0.13,0,0,,,
21,72,54,0,0,0,,,
22,79,54,0,0,0,,,
23,76,56,0,0,0,,,
24,79,58,0,0,0,,,
25,85,62,0,0,0,,,
26,89,65,1.15,0,0,,,
27,88,65,0.71,0,0,,,
28,80,68,0,0,0,,,
29,82,64,0,0,0,,,
30,87,63,0,0,0,,,
31,90,68,0.82,0,0,,,
,,,,,,,,
#days,31,,,,,,,
Sum,2398,1759,4.08,0,0,,,
Avg,74.9,56.7,,,,,,
Avg Month,66.5,,,,,,,
,,,,,,,,
,,,,,,,,
,,,,,,,,
7-Jun,,,,,,,,
,,,,,,,,
Day,Max,Min,Liquid,Snow,Depth,,,
1,87,68,0.02,0,0,,,
2,86,71,0.02,0,0,,,
3,76,63,1.21,0,0,,,
4,78,64,0.15,0,0,,,
5,78,68,0,0,0,,,
6,71,59,0,0,0,,,
7,82,59,0,0,0,,,
8,95,67,0,0,0,,,
9,87,67,0,0,0,,,
10,78,65,0,0,0,,,
11,84,65,0.06,0,0,,,
12,87,67,0.69,0,0,,,
13,74,59,T,0,0,,,
14,63,56,0,0,0,,,
15,74,59,0,0,0,,,
16,82,62,T,0,0,,,
17,88,67,0,0,0,,,
18,91,71,0,0,0,,,
19,91,68,0.95,0,0,,,
20,82,67,0.09,0,0,,,
21,82,63,0,0,0,,,
22,78,66,0,0,0,,,
23,77,58,0,0,0,,,
24,83,62,0.07,0,0,,,
25,83,66,0,0,0,,,
26,91,73,0,0,0,,,
27,92,72,0.38,0,0,,,
28,88,72,0.38,0,0,,,
29,77,70,0.02,0,0,,,
30,83,68,0,0,0,,,
31,,,,,,,,
,,,,,,,,
#days,30,,,,,,,
Sum,2498,1962,4.04,0,0,,,
Avg,80.6,65.4,,,,,,
Avg Month,73.8,,,,,,,
,,,,,,,,
,,,,,,,,
,,,,,,,,
7-Jul,,,,,,,,
,,,,,,,,
Day,Max,Min,Liquid,Snow,Depth,,,
1,76,64,0,0,0,,,
2,75,58,0,0,0,,,
3,82,62,T,0,0,,,
4,78,63,0.59,0,0,,,
5,79,69,0.14,0,0,,,
6,85,68,0,0,0,,,
7,85,69,0,0,0,,,
8,90,72,0,0,0,,,
9,94,75,0,0,0,,,
10,96,78,0,0,0,,,
11,88,72,0.61,0,0,,,
12,81,68,0.01,0,0,,,
13,82,71,0,0,0,,,
14,84,69,0,0,0,,,
15,90,72,0.09,0,0,,,
16,87,73,0,0,0,,,
17,92,72,0.03,0,0,,,
18,88,74,0.24,0,0,,,
19,85,74,0,0,0,,,
20,81,70,0,0,0,,,
21,83,63,0,0,0,,,
22,83,68,0.05,0,0,,,
23,73,64,0.1,0,0,,,
24,86,63,0,0,0,,,
25,88,69,0,0,0,,,
26,89,72,0,0,0,,,
27,91,72,0.22,0,0,,,
28,89,72,0.05,0,0,,,
29,82,73,0.16,0,0,,,
30,86,73,0.25,0,0,,,
31,89,72,0,0,0,,,
,,,,,,,,
#days,31,,,,,,,
Sum,2668,2154,2.54,0,0,,,
Avg,83.4,69.5,,,,,,
Avg Month,77.3,,,,,,,
,,,,,,,,
,,,,,,,,
,,,,,,,,
7-Aug,,,,,,,,
,,,,,,,,
Day,Max,Min,Liquid,Snow,Depth,,,
1,94,73,0,0,0,,,
2,95,77,0,0,0,,,
3,92,74,0,0,0,,,
4,95,75,0,0,0,,,
5,82,72,0.19,0,0,,,
6,85,72,T,0,0,,,
7,94,78,0,0,0,,,
8,94,79,0,0,0,,,
9,90,72,0.54,0,0,,,
10,86,60,0.02,0,0,,,
11,85,60,0,0,0,,,
12,88,70,T,0,0,,,
13,90,74,0,0,0,,,
14,86,67,0,0,0,,,
15,87,68,0,0,0,,,
16,86,76,0,0,0,,,
17,87,72,0.32,0,0,,,
18,79,63,0,0,0,,,
19,74,62,0.96,0,0,,,
20,66,60,1.11,0,0,,,
21,63,58,0.84,0,0,,,
22,67,55,0.02,0,0,,,
23,78,62,0,0,0,,,
24,83,67,0,0,0,,,
25,93,72,0,0,0,,,
26,85,68,0,0,0,,,
27,85,68,0,0,0,,,
28,85,69,0,0,0,,,
29,86,68,0,0,0,,,
30,90,70,0,0,0,,,
31,76,71,0,0,0,,AVG SUMMER TEMPERATURE,
,,,,,,,75.3,
#days,31,,,,,,,
Sum,2657,2132,4,0,0,,,
Avg,83,68.8,,,,,,
Avg Month,76.7,,,,,,,
,,,,,,,,
,,,,,,,,
,,,,,,,,
7-Sep,,,,,,,,
,,,,,,,,
Day,Max,Min,Liquid,Snow,Depth,,,
1,81,61,0,0,0,,,
2,81,61,0,0,0,,,
3,83,64,0,0,0,,,
4,87,70,0,0,0,,,
5,85,67,0,0,0,,,
6,87,68,0,0,0,,,
7,89,70,0,0,0,,,
8,88,70,0,0,0,,,
9,87,70,0,0,0,,,
10,77,72,0.1,0,0,,,
11,77,72,0.4,0,0,,,
12,75,64,0,0,0,,,
13,80,61,0,0,0,,,
14,79,67,0.14,0,0,,,
15,70,58,0,0,0,,,
16,68,51,0,0,0,,,
17,70,52,0,0,0,,,
18,71,53,0,0,0,,,
19,78,55,0,0,0,,,
20,77,61,0,0,0,,,
21,85,64,0,0,0,,,
22,83,66,0.19,0,0,,,
23,81,68,0,0,0,,,
24,79,65,0,0,0,,,
25,84,62,0.9,0,0,,,
26,88,67,0,0,0,,,
27,87,71,0,0,0,,,
28,79,64,0.2,0,0,,,
29,77,59,0,0,0,,,
30,79,58,0,0,0,,,
31,,,,,,,,
,,,,,,,,
#days,,,,,,,,
Sum,2412,1911,1.93,0,0,,,
Avg,80.4,63.7,,,,,,
Avg Month,72.1,,,,,,,
,,,,,,,,
,,,,,,,,
,,,,,,,,
7-Oct,,,,,,,,
,,,,,,,,
Day,Max,Min,Liquid,Snow,Depth,,,
1,75,60,0,0,0,,,
2,77,60,0,0,0,,,
3,83,65,0,0,0,,,
4,83,67,0,0,0,,,
5,79,67,0,0,0,,,
6,80,65,0,0,0,,,
7,87,68,0,0,0,,,
8,87,68,0,0,0,,,
9,86,63,0,0,0,,,
10,67,64,0.55,0,0,,,
11,68,52,0.8,0,0,,,
12,61,46,0.3,0,0,,,
13,61,46,0.1,0,0,,,
14,66,48,0,0,0,,,
15,69,50,0,0,0,,,
16,72,58,0,0,0,,,
17,76,61,0,0,0,,,
18,78,63,0,0,0,,,
19,77,60,0.49,0,0,,,
20,70,59,0,0,0,,,
21,78,52,0,0,0,,,
22,78,58,0,0,0,,,
23,78,66,0,0,0,,,
24,73,55,0.5,0,0,,,
25,56,49,0.3,0,0,,,
26,60,53,1.81,0,0,,,
27,69,56,0.61,0,0,,,
28,56,46,0,0,0,,,
29,54,40,0,0,0,,,
30,62,44,0,0,0,,,
31,65,46,0,0,0,,,
,,,,,,,,
#days,,,,,,,,
Sum,2231,1755,5.46,0,0,,,
Avg,72,56.6,,,,,,
Avg Month,64.3,,,,,,,
,,,,,,,,
,,,,,,,,
,,,,,,,,
7-Nov,,,,,,,,
,,,,,,,,
Day,Max,Min,Liquid,Snow,Depth,,,
1,67,50,0,0,0,,,
2,56,43,0,0,0,,,
3,58,42,0,0,0,,,
4,55,45,0,0,0,,,
5,58,41,0.23,0,0,,,
6,53,40,0,0,0,,,
7,50,38,0,0,0,,,
8,46,34,0,0,0,,,
9,47,35,0.02,0,0,,,
10,45,38,0,0,0,,,
11,51,35,0,0,0,,,
12,50,44,0.13,0,0,,,
13,62,47,0.04,0,0,,,
14,61,43,0.17,0,0,,,
15,61,42,0.19,0,0,,,
16,44,37,0.15,0,0,,,
17,46,34,0.01,0,0,,,
18,43,38,0.27,0,0,,,
19,43,37,0.09,0,0,,,
20,50,42,0,0,0,,,
21,64,48,0,0,0,,,
22,69,41,0.01,0,0,,,
23,42,32,0,0,0,,,
24,41,28,0,0,0,,,
25,49,34,0.49,0,0,,,
26,62,41,0.13,0,0,,,
27,62,43,0,0,0,,,
28,46,35,0,0,0,,,
29,51,37,0,0,0,,,
30,41,33,0,0,0,,,
31,,,,,,,,
,,,,,,,,
#days,,,,,,,,
Sum,1573,1177,1.93,0,0,,,
Avg,52.4,39.2,,,,,,
Avg Month,45.8,,,,,,,
,,,,,,,,
,,,,,,,,
,,,,,,,,
7-Dec,,,,,,,,
,,,,,,,,
Day,Max,Min,Liquid,Snow,Depth,,,
1,38,29,T,T,T,,,
2,37,24,0.94,0,0,,,
3,47,32,T,0,0,,,
4,35,30,0,0,0,,,
5,32,26,0.07,1.3,1.3,,,
6,33,19,0,0,0.6,,,
7,34,25,0.16,0,0,,,
8,49,33,T,0,0,,,
9,40,35,0.07,0,0,,,
10,45,37,0.06,0,0,,,
11,46,38,T,0,0,,,
12,46,39,0,0,0,,,
13,57,36,0.42,0,0,,,
14,37,32,0.23,0,0,,,
15,44,32,0,0,0,,,
16,36,29,0.96,0,0,,,
17,42,32,0.09,0,0,,,
18,36,30,0,0,0,,,
19,40,28,0,0,0,,,
20,45,33,T,0,0,,,
21,45,35,0,0,0,,,
22,40,32,0.03,0,0,,,
23,42,36,0.09,0,0,,,
24,48,38,0,0,0,,,
25,48,37,0.48,0,0,,,
26,37,34,0.14,0,0,,,
27,45,36,0.02,T,T,,,AVG TEMPERATURE
28,48,38,0.68,0,0,,,57.5
29,53,42,0,0,0,,,
30,42,37,0.52,0,0,,,
31,47,35,0,0,0,,,TOTAL PRECIPITATION:
,,,,,,,,57.145
#days,,,,,,,,
Sum,1314,1019,4.96,1.3,1.9,,,
Avg,42.4,32.9,,,,,,
Avg Month,37.6,,,,,,,
,,,,,,,,
,,,,,,,,
,,,,,,,,
8-Jan,,,,,,,,
,,,,,,,,
Day,Max,Min,Liquid,Snow,Depth,,,
1,50,37,0.03,0,0,,,
2,37,19,0,0,0,,,
3,25,18,0,0,0,,,
4,39,21,0,0,0,,,
5,40,30,0.08,0,0,,,
6,50,36,T,0,0,,,
7,64,46,0,0,0,,,
8,64,50,0.01,0,0,,,
9,65,53,0,0,0,,,
10,47,41,0.29,0,0,,,
11,55,40,0.26,0,0,,,
12,49,43,T,0,0,,,
13,37,37,0.22,0,0,,,
14,40,35,0.03,0,0,,,
15,37,31,0,0,0,,,
16,39,31,0,0,0,,,
17,38,32,0.71,0,0,,,
18,47,35,T,0,0,,,
19,39,33,0,0,0,,,
20,35,16,0,0,0,,,
21,28,15,0,0,0,,,
22,37,23,0.04,0,0,,,
23,41,32,T,0,0,,,
24,35,25,0,0,0,,,
25,33,21,0,0,0,,,
26,35,25,0,0,0,,,
27,38,30,0,0,0,,,
28,42,28,T,0,0,,,
29,45,32,0.11,0,0,,,
30,48,34,T,0,0,,,
31,41,28,0.36,0,0,,,
,,,,,,,,
#days,31,,,,,,,
Sum,1320,977,2.14,0,0,,,
Avg,42.6,31.5,,,,,,
Avg Month,37,,,,,,,
,,,,,,,,
,,,,,,,,
,,,,,,,,
8-Feb,,,,,,,,
,,,,,,,,
Day,Max,Min,Liquid,Snow,Depth,,,
1,53,32,1.04,0,0,,,
2,46,36,0.02,0,0,,,
3,51,31,T,0,0,,,
4,46,38,0,0,0,,,
5,57,42,T,0,0,,,
6,68,50,0.11,0,0,,,
7,65,40,0,0,0,,,
8,48,37,0,0,0,,,
9,51,38,0,0,0,,,
10,45,14,0,0,0,,,
11,23,10,T,T,T,,,
12,32,17,1.41,0.05,0.05,,,
13,45,32,1.48,0,0,,,
14,40,27,0.02,0,0,,,
15,52,32,0,0,0,,,
16,38,26,0,0,0,,,
17,58,30,0.14,0,0,,,
18,66,39,0.09,0,0,,,
19,42,28,0,0,0,,,
20,33,25,0.01,0.02,0.03,,,
21,33,20,0,0.36,2.1,,,
22,34,24,1.4,0,1.5,,,
23,34,29,0.01,0,1,,,
24,38,24,0,0,0,,,
25,47,33,0,0,0,,,
26,51,36,0.15,0,0,,,
27,42,25,0,0,0,,,
28,27,17,0,0,0,,,
29,40,22,0,0,0,,,
30,,,,,,,AVG WINTER TEMPERATURE,
31,,,,,,,37.3,
,,,,,,,,
#days,29,,,,,,,
Sum,1305,854,5.88,0.43,4.68,,,
Avg,45,29.4,,,,,,
Avg Month,37.2,,,,,,,
,,,,,,,,
,,,,,,,,
,,,,,,,,
8-Mar,,,,,,,,
,,,,,,,,
Day,Max,Min,Liquid,Snow,Depth,,,
1,42,32,0,0,0,,,
2,45,28,0,0,0,,,
3,62,35,0,0,0,,,
4,68,53,0.71,0,0,,,
5,62,36,0.02,0,0,,,
6,53,37,0,0,0,,,
7,48,42,0.73,0,0,,,
8,64,29,1.64,0,0,,,
9,42,30,0,0,0,,,
10,48,35,0,0,0,,,
11,52,41,0,0,0,,,
12,50,35,0,0,0,,,
13,54,38,0,0,0,,,
14,63,44,0.06,0,0,,,
15,60,42,0.1,0,0,,,
16,49,32,0.01,0,0,,,
17,53,35,0,0,0,,,
18,48,40,0.25,0,0,,,
19,62,44,0.77,0,0,,,
20,M,M,M,M,M,,,
21,51,35,0,0,0,,,
22,52,31,0,0,0,,,
23,50,35,0,0,0,,,
24,51,33,0,0,0,,,
25,50,37,0,0,0,,,
26,63,46,0.05,0,0,,,
27,52,45,0.05,0,0,,,
28,65,33,0,0,0,,,
29,50,31,0,0,0,,,
30,53,34,0,0,0,,,
31,62,43,0,0,0,,,
,,,,,,,,
#days,31,,,,,,,
Sum,1624,1111,4.39,0,0,,,
Avg,54.1,37,,,,,,
Avg Month,45.6,,,,,,,
,,,,,,,,
,,,,,,,,
,,,,,,,,
8-Apr,,,,,,,,
,,,,,,,,
Day,Max,Min,Liquid,Snow,Depth,,,
1,72,42,0.25,0,0,,,
2,54,38,T,0,0,,,
3,54,49,0.53,0,0,,,
4,58,39,0.02,0,0,,,
5,61,46,0.07,0,0,,,
6,50,41,0.04,0,0,,,
7,50,42,0.04,0,0,,,
8,60,42,T,0,0,,,
9,62,44,T,0,0,,,
10,76,58,0,0,0,,,
11,76,59,0.28,0,0,,,
12,75,50,0.05,0,0,,,
13,58,39,0,0,0,,,
14,59,43,0,0,0,,,
15,62,44,0,0,0,,,
16,67,47,0,0,0,,,
17,78,53,0,0,0,,,
18,86,60,0,0,0,,,
19,89,56,0,0,0,,,
20,76,52,T,0,0,,,
21,66,51,T,0,0,,,
22,72,55,0,0,0,,,
23,77,60,0,0,0,,,
24,80,57,0,0,0,,,
25,80,60,0.16,0,0,,,
26,65,47,0.1,0,0,,,
27,58,48,0.05,0,0,,,
28,65,49,0.87,0,0,,,
29,62,45,0,0,0,,,
30,60,47,0,0,0,,,
31,,,,,,,TOTAL WINTER SNOWFALL,
,,,,,,,1.73,
#days,30,,,,,,,
Sum,2008,1463,2.46,0,0,,,
Avg,66.9,48.8,,,,,,
Avg Month,57.9,,,,,,,
,,,,,,,,
,,,,,,,,
,,,,,,,,
8-May,,,,,,,,
,,,,,,,,
Day,Max,Min,Liquid,Snow,Depth,,,
1,66,52,0.02,0,0,,,
2,75,51,0,0,0,,,
3,63,51,0.01,0,0,,,
4,74,54,0,0,0,,,
5,73,55,0,0,0,,,
6,79,59,0,0,0,,,
7,83,66,0.04,0,0,,,
8,76,52,1.44,0,0,,,
9,55,48,0.22,0,0,,,
10,64,51,0,0,0,,,
11,65,48,0.11,0,0,,,
12,59,46,0.6,0,0,,,
13,75,51,T,0,0,,,
14,78,63,0,0,0,,,
15,79,58,0.31,0,0,,,
16,61,49,0.67,0,0,,,
17,73,56,T,0,0,,,
18,70,51,0.38,0,0,,,
19,61,51,0.05,0,0,,,
20,59,49,0.56,0,0,,,
21,70,52,T,0,0,,,
22,62,51,0,0,0,,,
23,71,55,0,0,0,,,
24,74,55,0,0,0,,,
25,79,59,0,0,0,,,
26,84,69,0.04,0,0,,,
27,86,56,0.15,0,0,,,
28,72,53,0,0,0,,,
29,79,60,0,0,0,,,
30,84,66,0,0,0,,,
31,79,67,0.16,0,0,,,
,,,,,,,,
#days,31,,,,,,,
Sum,2228,1704,4.76,0,0,,,
Avg,71.9,55,,,,,,
Avg Month,63.4,,,,,,,
,,,,,,,,
,,,,,,,,
,,,,,,,,
8-Jun,,,,,,,,
,,,,,,,,
Day,Max,Min,Liquid,Snow,Depth,,,
1,85,61,0,0,0,,,
2,81,66,0,0,0,,,
3,85,62,1.28,0,0,,,
4,81,64,0.32,0,0,,,
5,78,63,T,0,0,,,
6,82,67,0,0,0,,,
7,96,76,0,0,0,,,
8,96,82,0,0,0,,,
9,99,82,0,0,0,,,
10,99,72,0.15,0,0,,,
11,88,72,0,0,0,,,
12,91,72,0,0,0,,,
13,89,72,0,0,0,,,
14,91,70,0.67,0,0,,,
15,88,71,0,0,0,,,
16,89,65,0,0,0,,,
17,79,62,0,0,0,,,
18,77,57,0.01,0,0,,,
19,77,62,0,0,0,,,
20,82,69,0,0,0,,,
21,89,71,0,0,0,,,
22,87,73,0,0,0,,,
23,87,63,0,0,0,,,
24,82,67,0,0,0,,,
25,87,73,0,0,0,,,
26,88,76,0,0,0,,,
27,94,72,0.8,0,0,,,
28,92,75,0.02,0,0,,,
29,91,72,0.18,0,0,,,
30,87,68,Trace,0,0,,,
,,,,,,,,
#days,30,,,,,,,
Sum,2617,2077,3.43,0,0,,,
Avg,87.2,69.2,,,,,,
Avg Month,78.2,,,,,,,
,,,,,,,,
,,,,,,,,
,,,,,,,,
8-Jul,,,,,,,,
,,,,,,,,
Day,Max,Min,Liquid,Snow,Depth,,,
1,87,68,0,0,0,,,
2,87,71,0,0,0,,,
3,92,75,0.01,0,0,,,
4,82,69,1.8,0,0,,,
5,83,70,0.01,0,0,,,
6,84,71,0.86,0,0,,,
7,86,73,0.46,0,0,,,
8,90,74,0.01,0,0,,,
9,86,72,0.46,0,0,,,
10,87,71,T,0,0,,,
11,90,73,0,0,0,,,
12,91,71,0,0,0,,,
13,90,69,0.22,0,0,,,
14,84,70,0,0,0,,,
15,92,72,0,0,0,,,
16,93,74,0,0,0,,,
17,96,77,0,0,0,,,
18,96,76,0,0,0,,,
19,96,78,0,0,0,,,
20,95,76,0,0,0,,,
21,92,79,0,0,0,,,
22,93,72,0.33,0,0,,,
23,89,68,1.38,0,0,,,
24,84,67,0,0,0,,,
25,88,74,0,0,0,,,
26,88,67,0.16,0,0,,,
27,89,74,0,0,0,,,
28,92,76,0,0,0,,,
29,92,76,0,0,0,,,
30,92,76,0,0,0,,,
31,87,76,0,0,0,,,
,,,,,,,,
#days,31,,,,,,,
Sum,2773,2255,5.7,0,0,,,
Avg,89.5,72.7,,,,,,
Avg Month,81.1,,,,,,,
,,,,,,,,
,,,,,,,,
,,,,,,,,
8-Aug,,,,,,,,
,,,,,,,,
Day,Max,Min,Liquid,Snow,Depth,,,
1,90,75,0.02,0,0,,,
2,86,69,0,0,0,,,
3,85,70,0,0,0,,,
4,88,74,0,0,0,,,
5,91,74,0.09,0,0,,,
6,91,73,0,0,0,,,
7,88,66,0,0,0,,,
8,88,65,0,0,0,,,
9,83,70,0,0,0,,,
10,80,61,1.28,0,0,,,
11,75,62,0,0,0,,,
12,83,67,0.01,0,0,,,
13,87,71,0,0,0,,,
14,87,66,0.2,0,0,,,
15,83,65,T,0,0,,,
16,84,67,0,0,0,,,
17,86,71,0,0,0,,,
18,90,72,0,0,0,,,
19,88,61,0,0,0,,,
20,82,63,0,0,0,,,
21,86,68,0,0,0,,,
22,87,66,0,0,0,,,
23,86,71,0,0,0,,,
24,87,71,0,0,0,,,
25,85,61,0,0,0,,,
26,85,61,0,0,0,,,
27,81,66,0,0,0,,,
28,81,69,0,0,0,,,
29,82,70,0.09,0,0,,,
30,86,67,T,0,0,,,
31,89,65,0,0,0,,AVG SUMMER TEMPERATURE,
,,,,,,,78.6,
#days,31,,,,,,,
Sum,2650,2097,1.69,0,0,,,
Avg,85.5,67.6,,,,,,
Avg Month,76.6,,,,,,,
,,,,,,,,
,,,,,,,,
,,,,,,,,
8-Sep,,,,,,,,
,,,,,,,,
Day,Max,Min,Liquid,Snow,Depth,,,
1,87,67,0,0,0,,,
2,91,69,0,0,0,,,
3,91,73,0,0,0,,,
4,95,74,0,0,0,,,
5,91,75,0.14,0,0,,,
6,80,66,2,0,0,,,
7,83,68,0,0,0,,,
8,84,72,0,0,0,,,
9,76,63,0.59,0,0,,,
10,78,61,0,0,0,,,
11,75,66,0,0,0,,,
12,76,69,0.69,0,0,,,
13,87,75,0.004,0,0,,,
14,93,77,0,0,0,,,
15,84,62,0,0,0,,,
16,73,58,0,0,0,,,
17,77,61,0,0,0,,,
18,79,57,0,0,0,,,
19,69,54,0,0,0,,,
20,74,57,0,0,0,,,
21,82,62,0,0,0,,,
22,77,57,0,0,0,,,
23,73,56,0,0,0,,,
24,73,56,0,0,0,,,
25,68,56,0.11,0,0,,,
26,70,63,0.23,0,0,,,
27,74,68,0.53,0,0,,,
28,78,64,0.19,0,0,,,
29,73,56,0,0,0,,,
30,74,60,0.49,0,,,,
,,,,,,,,
#days,,,,,,,,
Sum,2385,1922,4.97,0,0,,,
Avg,79.5,64.1,,,,,,
Avg Month,71.8,,,,,,,
,,,,,,,,
,,,,,,,,
,,,,,,,,
8-Oct,,,,,,,,
,,,,,,,,
Day,Max,Min,Liquid,Snow,Depth,,,
1,73,53,0.29,0,0,,,
2,65,52,T,0,0,,,
3,68,54,0,0,0,,,
4,69,56,0,0,0,,,
5,73,54,0,0,0,,,
6,68,34,0,0,0,,,
7,66,40,0,0,0,,,
8,67,55,0.8,0,0,,,
9,77,60,0,0,0,,,
10,77,57,0,0,0,,,
11,74,54,0,0,0,,,
12,76,59,0,0,0,,,
13,81,59,0,0,0,,,
14,78,62,0,0,0,,,
15,79,65,0,0,0,,,
16,82,44,0,0,0,,,
17,63,42,0,0,0,,,
18,59,43,0,0,0,,,
19,57,34,0,0,0,,,
20,63,47,0,0,0,,,
21,62,38,T,0,0,,,
22,53,39,0,0,0,,,
23,57,36,0,0,0,,,
24,62,48,0.02,0,0,,,
25,69,32,0.8,0,0,,,
26,63,45,T,0,0,,,
27,58,35,0.55,0,0,,,
28,46,39,0.75,0,0,,,
29,47,34,Trace,0,0,,,
30,52,31,0,0,0,,,
31,64,43,0,0,0,,,
,,,,,,,,
#days,31,,,,,,,
Sum,2048,1444,3.21,0,0,,,
Avg,66.1,46.6,,,,,,
Avg Month,56.3,,,,,,,
,,,,,,,,
,,,,,,,,
,,,,,,,,
8-Nov,,,,,,,,
,,,,,,,,
Day,Max,Min,Liquid,Snow,Depth,,,
1,71,42,0,0,0,,,
2,53,45,0.01,0,0,,,
3,60,51,0,0,0,,,
4,61,55,0.05,0,0,,,
5,64,57,0.31,0,0,,,
6,65,57,0,0,0,,,
7,64,57,0.01,0,0,,,
8,60,48,0.19,0,0,,,
9,57,43,Trace,0,0,,,
10,51,36,0,0,0,,,
11,50,41,0,0,0,,,
12,53,44,Trace,0,0,,,
13,59,47,0.95,0,0,,,
14,67,57,0.55,0,0,,,
15,70,30,0.73,0,0,,,
16,49,38,0.01,0,0,,,
17,47,36,0,0,0,,,
18,40,29,0,0,0,,,
19,36,26,0,0,0,,,
20,39,32,0.04,0.04,0,,,
21,36,27,0.02,0,0,,,
22,33,24,0,0,0,,,
23,37,26,0,0,0,,,
24,49,32,0.48,0,0,,,
25,45,37,0,0,0,,,
26,43,36,0,0,0,,,
27,46,36,0,0,0,,,
28,47,38,0,0,0,,,
29,47,34,0.22,0,0,,,
30,46,35,0.64,0,0,,,
,,,,,,,,
#days,30,,,,,,,
Sum,1545,1196,4.21,0,0,,,
Avg,51.5,39.9,,,,,,
Avg Month,45.7,,,,,,,
,,,,,,,,
,,,,,,,,
,,,,,,,,
8-Dec,,,,,,,,
,,,,,,,,
Day,Max,Min,Liquid,Snow,Depth,,,
1,57,40,0.06,0,0,,,
2,42,36,0,0,0,,,
3,45,37,0,0,0,,,
4,51,34,0,0,0,,,
5,41,25,0,0,0,,,
6,36,29,0.09,0,0,,,
7,35,20,Trace,0,0,,,
8,40,22,0,0,0,,,
9,63,40,0.06,0,0,,,
10,65,39,0.55,0,0,,,
11,42,38,1.9,0,0,,,
12,46,24,0,0,0,,,
13,,,,,,,,
14,56,29,0.02,0,0,,,
15,66,40,0.12,0,0,,,
16,41,32,0.76,0,0,,,
17,41,35,T,0,0,,,
18,43,34,0.85,0,0,,,
19,37,27,0.35,"1/16""",0.06,,,
20,37,25,0,0,0,,,
21,37,15,0,0,0,,,
22,27,16,0,0,0,,,
23,31,18,0,0,0,,,
24,61,31,0,0,0,,,
25,60,33,0,0,0,,,
26,44,35,0,0,0,,,
27,62,42,0.01,0,0,,,AVG TEMPERATURE
28,66,38,T,0,0,,,57.5
29,49,39,0,0,0,,,
30,46,34,0,0,0,,,
31,30,18,0,0,0,,,TOTAL PRECIPITATION:
,,,,,,,,48.084
#days,31,,,,,,,
Sum,1397,925,4.77,0,0,,,
Avg,46.6,30.8,,,,,,
Avg Month,38.7,,,,,,,
,,,,,,,,
,,,,,,,,
,,,,,,,,
9-Jan,,,,,,,,
,,,,,,,,
Day,Max,Min,Liquid,Snow,Depth,,,
1,28,17,0,0,0,,,
2,35,26,0,0,0,,,
3,36,30,0,0,0,,,
4,42,27,0.02,0,0,,,
5,46,38,0,0,0,,,
6,40,30,1.27,0,0,,,
7,41,31,0.42,0,0,,,
8,38,28,0,0,0,,,
9,32,26,0,0,0,,,
10,32,27,0.1,0,0,,,
11,32,26,0.06,0,T,,,
12,34,23,0,0,0,,,
13,40,29,0,0,0,,,
14,35,18,0,0,0,,,
15,25,15,0,0,0,,,
16,16,8,0,0,0,,,
17,22,6,0.01,T,T,,,
18,36,22,0.03,T,T,,,
19,32,23,0.01,T,T,,,
20,28,17,0.04,0,T,,,
21,25,17,0,0,0,,,
22,39,22,0,0,0,,,
23,52,30,0,0,0,,,
24,45,22,0,0,0,,,
25,28,17,0,0,0,,,
26,28,20,0,0,0,,,
27,30,24,0.56,1,1,,,
28,40,23,0.43,0,1,,,
29,31,24,0,0,1,,,
30,36,25,0,0,1,,,
31,34,22,T,0,0,,,
,,,,,,,,
#days,31,,,,,,,
Sum,1058,713,2.95,1,0,,,
Avg,34.1,23,,,,,,
Avg Month,28.6,,,,,,,
,,,,,,,,
,,,,,,,,
,,,,,,,,
9-Feb,,,,,,,,
,,,,,,,,
Day,Max,Min,Liquid,Snow,Depth,,,
1,53,34,0,0,0,,,
2,56,33,0.05,T,T,,,
3,35,23,0.5,5.5,5.5,,,
4,33,14,0,0,4.5,,,
5,22,16,0,0,3.5,,,
6,35,21,0,0,2.5,,,
7,58,31,0.01,0,0,,,
8,61,34,0,0,0,,,
9,51,40,0.02,0,0,,,
10,53,43,T,0,0,,,
11,68,52,0,0,0,,,
12,56,40,0.02,0,0,,,
13,43,31,0,0,0,,,
14,42,29,Trace,0,0,,,
15,43,29,0,0,0,,,
16,42,25,0,0,0,,,
17,44,29,0,0,0,,,
18,46,37,0.22,0,0,,,
19,48,24,0,0,0,,,
20,34,26,0,0,0,,,
21,42,30,0.07,0,0,,,
22,42,27,0.03,0,0,,,
23,35,21,0,0,0,,,
24,39,26,0,0,0,,,
25,45,31,0,0,0,,,
26,56,34,0,0,0,,,
27,64,32,0.02,0,0,,,
28,42,28,0.04,0,0,,,
29,,,,,,,AVG WINTER TEMPERATURE,
30,,,,,,,35.1,
31,,,,,,,,
,,,,,,,,
#days,28,,,,,,,
Sum,1288,840,0.98,5.5,-,,,
Avg,46,30,,,,,,
Avg Month,38,,,,,,,
,,,,,,,,
,,,,,,,,
,,,,,,,,
9-Mar,,,,,,,,
,,,,,,,,
Day,Max,Min,Liquid,Snow,Depth,,,
1,38,21,0.01,3.6,4,,,
2,25,13,T,T,3,,,
3,29,18,0,0,2.6,,,
4,35,26,0.01,0,1,,,
5,46,34,0,0,0,,,
6,64,45,0,0,0,,,
7,72,57,0,0,0,,,
8,67,48,0,0,0,,,
9,60,40,0,0,0,,,
10,48,42,0,0,0,,,
11,62,35,0,0,0,,,
12,45,30,0,0,0,,,
13,45,34,0,0,0,,,
14,50,39,T,0,0,,,
15,49,41,0,0,0,,,
16,53,40,T,0,0,,,
17,59,39,0,0,0,,,
18,63,46,0,0,0,,,
19,53,35,0.12,0,0,,,
20,47,32,T,0,0,,,
21,51,36,0,0,0,,,
22,58,31,0,0,0,,,
23,46,26,0,0,0,,,
24,51,35,0,0,0,,,
25,56,41,0.02,0,0,,,
26,54,42,0.32,0,0,,,
27,63,47,0.26,0,0,,,
28,54,45,0.23,0,0,,,
29,74,43,0.41,0,0,,,
30,51,38,T,0,0,,,
31,63,41,0,0,0,,,
,,,,,,,,
#days,31,,,,,,,
Sum,1631,1140,1.38,3.6,-,,,
Avg,52.6,36.8,,,,,,
Avg Month,44.7,,,,,,,
,,,,,,,,
,,,,,,,,
,,,,,,,,
9-Apr,,,,,,,,
,,,,,,,,
Day,Max,Min,Liquid,Snow,Depth,,,
1,63,41,0,0,0,,,
2,55,48,0.55,0,0,,,
3,71,48,0.39,0,0,,,
4,60,45,0,0,0,,,
5,68,50,0.03,0,0,,,
6,61,38,0.26,0,0,,,
7,47,37,0,0,0,,,
8,52,42,0,0,0,,,
9,63,48,0,0,0,,,
10,70,48,0.32,0,0,,,
11,54,37,0.18,0,0,,,
12,52,36,0,0,0,,,
13,57,43,0.52,0,0,,,
14,48,44,0.42,0,0,,,
15,51,39,0.36,0,0,,,
16,66,43,0,0,0,,,
17,71,53,0,0,0,,,
18,79,58,0.02,0,0,,,
19,68,47,0,0,0,,,
20,52,47,0.74,0,0,,,
21,71,50,0.19,0,0,,,
22,56,44,0.19,0,0,,,
23,60,47,0,0,0,,,
24,75,56,0,0,0,,,
25,91,65,0,0,0,,,
26,94,71,0,0,0,,,
27,92,69,0,0,0,,,
28,88,52,0.12,0,0,,,
29,63,49,T,0,0,,,
30,68,52,0.05,0,0,,,
31,,,,,,,TOTAL WINTER SNOWFALL,
,,,,,,,10.1,
#days,30,,,,,,,
Sum,1966,1447,4.34,0,0,,,
Avg,65.5,48.2,,,,,,
Avg Month,56.9,,,,,,,
,,,,,,,,
,,,,,,,,
,,,,,,,,
9-May,,,,,,,,
,,,,,,,,
Day,Max,Min,Liquid,Snow,Depth,,,
1,71,58,0.09,0,0,,,
2,67,57,0.19,0,0,,,
3,60,53,0.77,0,0,,,
4,55,51,0.58,0,0,,,
5,57,51,0.33,0,0,,,
6,68,53,0.89,0,0,,,
7,73,59,0.27,0,0,,,
8,79,66,T,0,0,,,
9,84,56,0,0,0,,,
10,71,54,0,0,0,,,
11,66,52,0,0,0,,,
12,70,51,0,0,0,,,
13,74,58,0.04,0,0,,,
14,75,61,1.07,0,0,,,
15,81,62,0,0,0,,,
16,81,55,0.09,0,0,,,
17,61,50,0.01,0,0,,,
18,61,45,0,0,0,,,
19,71,53,0,0,0,,,
20,81,58,0,0,0,,,
21,82,61,0,0,0,,,
22,84,67,0,0,0,,,
23,88,68,0,0,0,,,
24,84,69,no data,0,0,,,
25,84,58,0,0,0,,,
26,59,51,0.04,0,0,,,
27,78,55,T,0,0,,,
28,76,57,0.36,0,0,,,
29,78,61,0.13,0,0,,,
30,79,61,T,0,0,,,
31,82,54,0,0,0,,,
,,,,,,,,
#days,31,,,,,,,
Sum,2280,1765,4.86,0,0,,,
Avg,73.5,56.9,,,,,,
Avg Month,65.2,,,,,,,
,,,,,,,,
,,,,,,,,
,,,,,,,,
9-Jun,,,,,,,,
,,,,,,,,
Day,Max,Min,Liquid,Snow,Depth,,,
1,73,60,0,0,0,,,
2,84,66,0.12,0,0,,,
3,78,56,0.24,0,0,,,
4,63,56,0.43,0,0,,,
5,65,57,0.49,0,0,,,
6,77,63,0,0,0,,,
7,85,67,0,0,0,,,
8,84,65,1.24,0,0,,,
9,76,65,0.01,0,0,,,
10,77,63,0.1,0,0,,,
11,75,64,0.21,0,0,,,
12,87,70,0,0,0,,,
13,78,63,0.19,0,0,,,
14,81,62,0,0,0,,,
15,80,61,0.86,0,0,,,
16,70,57,0,0,0,,,
17,71,61,0.82,0,0,,,
18,70,63,0.1,0,0,,,
19,79,67,0.06,0,0,,,
20,76,66,0.47,0,0,,,
21,80,65,0.09,0,0,,,
22,83,67,0,0,0,,,
23,82,69,0,0,0,,,
24,84,69,0.01,,,,,
25,88,72,0,0,0,,,
26,89,67,0,0,0,,,
27,83,67,0,0,0,,,
28,87,67,Trace,0,0,,,
29,86,71,0,0,0,,,
30,89,68,0.02,0,0,,,
31,,,,0,0,,,
,,,,,,,,
#days,30,,,,,,,
Sum,2380,1934,5.46,0,0,,,
Avg,79.3,64.5,,,,,,
Avg Month,71.9,,,,,,,
,,,,,,,,
,,,,,,,,
,,,,,,,,
9-Jul,,,,,,,,
,,,,,,,,
Day,Max,Min,Liquid,Snow,Depth,,,
1,88,68,0.27,0,0,,,
2,83,66,0,0,0,,,
3,81,65,0,0,0,,,
4,82,65,0,0,0,,,
5,80,64,0,0,0,,,
6,86,70,0,0,0,,,
7,87,65,0,0,0,,,
8,80,64,0,0,0,,,
9,78,62,0,0,0,,,
10,81,65,0,0,0,,,
11,82,67,1.03,0,0,,,
12,85,67,0,0,0,,,
13,84,64,0,0,0,,,
14,83,67,0,0,0,,,
15,86,73,0,0,0,,,
16,91,73,0.26,0,0,,,
17,89,68,0.38,0,0,,,
18,83,65,0,0,0,,,
19,84,70,0,0,0,,,
20,85,66,0.59,0,0,,,
21,72,66,0.07,0,0,,,
22,87,70,0,0,0,,,
23,77,67,0.01,0,0,,,
24,83,67,0.02,0,0,,,
25,89,72,0.05,0,0,,,
26,90,72,0.09,0,0,,,
27,88,72,0,0,0,,,
28,90,77,0,0,0,,,
29,90,73,0.58,0,0,,,
30,89,76,0.03,0,0,,,
31,88,69,1.33,0,0,,,
,,,,,,,,
#days,31,,,,,,,
Sum,2621,2115,4.71,0,0,,,
Avg,84.5,68.2,,,,,,
Avg Month,76.4,,,,,,,
,,,,,,,,
,,,,,,,,
,,,,,,,,
9-Aug,,,,,,,,
,,,,,,,,
Day,Max,Min,Liquid,Snow,Depth,,,
1,88,73,0,0,0,,,
2,79,69,1.45,0,0,,,
3,87,71,0,0,0,,,
4,89,75,0,0,0,,,
5,88,65,0.17,0,0,,,
6,80,65,0.02,0,0,,,
7,82,68,0,0,0,,,
8,84,69,1.58,0,0,,,
9,85,70,0.15,0,0,,,
10,95,75,0,0,0,,,
11,91,75,0,0,0,,,
12,86,72,0.21,0,0,,,
13,75,67,0.14,0,0,,,
14,87,68,0,0,0,,,
15,90,72,0,0,0,,,
16,93,75,0,0,0,,,
17,94,75,0,0,0,,,
18,91,73,0.33,0,0,,,
19,91,76,0,0,0,,,
20,91,80,0,0,0,,,
21,93,72,1.32,0,0,,,
22,86,73,1.65,0,0,,,
23,88,70,0,0,0,,,
24,85,68,0,0,0,,,
25,87,72,0,0,0,,,
26,88,71,0,0,0,,,
27,81,69,0.07,0,0,,,
28,75,69,0.41,0,0,,,
29,85,68,1.88,0,0,,,
30,84,62,0,0,0,,,
31,75,57,0,0,0,,,
,,,,,,,AVG SUMMER TEMPERATURE,
#days,31,,,,,,75.5,
Sum,2673,2184,9.38,0,0,,,
Avg,86.2,70.5,,,,,,
Avg Month,78.3,,,,,,,
,,,,,,,,
,,,,,,,,
,,,,,,,,
9-Sep,,,,,,,,
,,,,,,,,
Day,Max,Min,Liquid,Snow,Depth,,,
1,76,58,0,0,0,,,
2,78,61,0,0,0,,,
3,79,66,0,0,0,,,
4,84,67,0,0,0,,,
5,86,68,0,0,0,,,
6,77,65,0,0,0,,,
7,75,64,0,0,0,,,
8,75,67,0,0,0,,,
9,74,61,0.03,0,0,,,
10,69,57,1.39,0,0,,,
11,66,59,0.52,0,0,,,
12,69,63,0.03,0,0,,,
13,82,63,0,0,0,,,
14,81,65,0,0,0,,,
15,81,64,0,0,0,,,
16,66,60,Trace,0,0,,,
17,63,59,0,0,0,,,
18,76,56,0,0,0,,,
19,74,52,0,0,0,,,
20,75,57,0,0,0,,,
21,79,65,0,0,0,,,
22,78,69,0.02,0,0,,,
23,83,72,0.2,0,0,,,
24,82,63,0,0,0,,,
25,74,56,0,0,0,,,
26,69,58,0.98,0,0,,,
27,74,60,0.06,0,0,,,
28,77,56,0.37,0,0,,,
29,68,56,0.01,0,0,,,
30,63,49,0,0,0,,,
31,,,,,,,,
,,,,,,,,
#days,30,,,,,,,
Sum,2253,1836,3.61,0,-,,,
Avg,75.1,61.2,,,,,,
Avg Month,68.2,,,,,,,
,,,,,,,,
,,,,,,,,
,,,,,,,,
9-Oct,,,,,,,,
,,,,,,,,
Day,Max,Min,Liquid,Snow,Depth,,,
1,59,50,0,0,0,,,
2,68,56,0.05,0,0,,,
3,77,58,0.02,0,0,,,
4,75,53,0,0,0,,,
5,68,51,0,0,0,,,
6,69,59,0.08,0,0,,,
7,72,52,0,0,0,,,
8,69,56,0.05,0,0,,,
9,79,62,0.02,0,0,,,
10,68,48,0.04,0,0,,,
11,66,46,0,0,0,,,
12,57,48,0,0,0,,,
13,67,43,0,0,0,,,
14,53,45,0,0,0,,,
15,45,39,0.64,0,0,,,
16,45,39,0.65,0,0,,,
17,48,41,0.52,0,0,,,
18,48,39,0.01,0,0,,,
19,57,43,T,0,0,,,
20,69,50,0,0,0,,,
21,75,55,0,0,0,,,
22,73,56,0,0,0,,,
23,68,53,0.21,0,0,,,
24,71,50,1.61,0,0,,,
25,63,48,0,0,0,,,
26,63,50,0.33,0,0,,,
27,59,54,1.37,0,0,,,
28,62,51,0.1,0,0,,,
29,58,50,0,0,0,,,
30,62,55,0.07,0,0,,,
31,72,51,0.44,0,0,,,
,,,,,,,,
#days,31,,,,,,,
Sum,1985,1551,6.21,0,-,,,
Avg,64,50,,,,,,
Avg Month,57,,,,,,,
,,,,,,,,
,,,,,,,,
,,,,,,,,
9-Nov,,,,,,,,
,,,,,,,,
Day,Max,Min,Liquid,Snow,Depth,,,
1,55,48,0,0,0,,,
2,57,44,0,0,0,,,
3,63,41,0,0,0,,,
4,52,43,0,0,0,,,
5,56,39,0.03,0,0,,,
6,50,34,0,0,0,,,
7,56,43,0,0,0,,,
8,72,48,0,0,0,,,
9,69,54,0,0,0,,,
10,66,49,0.04,0,0,,,
11,54,44,0.24,0,0,,,
12,50,45,0.16,0,0,,,
13,56,50,0.17,0,0,,,
14,60,55,0.01,0,0,,,
15,72,55,0,0,0,,,
16,62,47,0,0,0,,,
17,58,45,0,0,0,,,
18,57,49,0,0,0,,,
19,62,52,1.04,0,0,,,
20,57,44,0,0,0,,,
21,58,42,0,0,0,,,
22,57,46,0,0,0,,,
23,51,47,0.3,0,0,,,
24,56,49,0.1,0,0,,,
25,54,50,0.12,0,0,,,
26,56,43,0,0,0,,,
27,48,41,0.01,0,0,,,
28,53,40,0,0,0,,,
29,62,45,0,0,0,,,
30,54,37,0.22,0,0,,,
31,,,,,,,,
,,,,,,,,
#days,30,,,,,,,
Sum,1733,1369,2.44,0,-,,,
Avg,57.8,45.6,,,,,,
Avg Month,51.7,,,,,,,
,,,,,,,,
,,,,,,,,
,,,,,,,,
9-Dec,,,,,,,,
,,,,,,,,
Day,Max,Min,Liquid,Snow,Depth,,,
1,51,39,0,0,0,,,
2,67,45,1.08,0,0,,,
3,63,43,0,0,0,,,
4,52,42,0,0,0,,,
5,42,31,0.43,Trace,Trace,,,
6,38,32,0,0,0,,,
7,41,36,0,0,0,,,
8,51,39,2.11,0,0,,,
9,57,39,0.02,0,0,,,
10,41,23,0,0,0,,,
11,32,25,0,0,0,,,
12,42,32,0.03,0,0,,,
13,53,35,1.1,0,0,,,
14,49,43,0.01,0,0,,,
15,54,32,0,0,0,,,
16,39,26,0,0,0,,,
17,35,22,0,0,0,,,
18,34,21,0.18,1.5,1.5,,,
19,26,21,0.93,11,11,,,
20,34,26,0,0,10.5,,,
21,38,32,0,0,9.5,,,
22,38,22,0,0,7,,,
23,32,24,0,0,5,,,
24,40,29,0,0,3,,,
25,48,36,0.93,0,0,,,
26,57,41,1.14,0,0,,,
27,50,38,0,0,0,,,AVG TEMPERATURE
28,39,25,0,0,0,,,56.2
29,28,19,0,0,0,,,
30,32,24,0.07,0.9,0.9,,,
31,36,31,0.2,0,0,,,TOTAL PRECIPITATION:
,,,,,,,,78.05
#days,31,,,,,,,
Sum,1339,973,8.23,13.4,-,,,
Avg,43.2,31.4,,,,,,
Avg Month,37.3,,,,,,,
,,,,,,,,
,,,,,,,,
,,,,,,,,
10-Jan,,,,,,,,
,,,,,,,,
Day,Max,Min,Liquid,Snow,Depth,,,
1,42,27,0,0,0,,,
2,29,19,0.01,0,0,,,
3,27,22,0,0,0,,,
4,32,24,0,0,0,,,
5,32,25,0,0,0,,,
6,37,30,T,0,0,,,
7,39,28,0.09,1,1,,,
8,33,21,0,0,T,,,
9,31,15,0,0,0,,,
10,30,19,0,0,0,,,
11,34,23,0,0,0,,,
12,35,27,0,0,0,,,
13,39,29,0,0,0,,,
14,49,32,0,0,0,,,
15,52,36,0,0,0,,,
16,53,39,0,0,0,,,
17,44,38,0.8,0,0,,,
18,54,39,T,0,0,,,
19,52,32,0,0,0,,,
20,44,30,0,0,0,,,
21,43,34,0,0,0,,,
22,45,31,0,0,0,,,
23,44,33,0,0,0,,,
24,61,36,0.92,0,0,,,
25,62,38,0.91,0,0,,,
26,44,30,0.01,0,0,,,
27,40,34,0,0,0,,,
28,46,17,0,0,0,,,
29,24,17,0,0,0,,,
30,20,15,0.03,0.5,0.5,,,
31,32,18,0,0,0,,,
,,,,,,,,
#days,,,,,,,,
Sum,1249,858,2.77,1.5,x,,,
Avg,40.3,27.7,,,,,,
Avg Month,34,,,,,,,
,,,,,,,,
,,,,,,,,
,,,,,,,,
10-Feb,,,,,,,,
,,,,,,,,
Day,Max,Min,Liquid,Snow,Depth,,,
1,36,28,0,0,0,,,
2,37,29,0.03,0.5,0.5,,,
3,40,30,0,0,0,,,
4,41,32,0,0,0,,,
5,39,23,missing,missing ,missing,,,
6,27,17,0.8,10.5,10.5,,,
7,33,20,0,0,8,,,
8,36,25,0,0,7.5,,,
9,40,29,missing,missing ,missing,,,
10,33,27,2.7,missing ,missing,,,
11,38,24,0,11,16,,,
12,37,26,0,0,14,,,
13,31,24,0,0,11,,,
14,37,26,0,0,10,,,
15,39,27,0.13,1.5,11.3,,,
16,36,26,0,0,10,,,
17,37,29,0.1,0,9,,,
18,44,35,0,0,8,,,
19,44,34,0,0,7,,,
20,44,33,0,0,6,,,
21,47,33,0,0,5,,,
22,42,35,0.4,0,4,,,
23,39,35,0.68,0,1,,,
24,45,33,0.15,T,1,,,
25,34,24,0.69,5,5,,,
26,36,27,0.04,T,1,,,
27,42,30,0,0,1,,,
28,43,35,0,0,1,,,
29,,,,,,,,
30,,,,,,,AVG WINTER TEMPERATURE,
31,,,,,,,34.9,
,,,,,,,,
#days,28,,,,,,,
Sum,1077,796,5.72,28.5,x,,,
Avg,38.5,28.4,,,,,,
Avg Month,33.4,,,,,,,
,,,,,,,,
,,,,,,,,
,,,,,,,,
10-Mar,,,,,,,,
,,,,,,,,
Day,Max,Min,Liquid,Snow,Depth,,,
1,49,35,0,0,0,,,
2,47,35,0.05,0,0,,,
3,42,34,T,0,0,,,
4,45,34,0,0,0,,,
5,52,30,0,0,0,,,
6,55,38,0,0,0,,,
7,57,42,0,0,0,,,
8,61,45,0,0,0,,,
9,64,44,0,0,0,,,
10,61,45,0,0,0,,,
11,61,44,0.05,0,0,,,
12,48,42,1.22,0,0,,,
13,51,46,1.63,0,0,,,
14,51,42,0.51,0,0,,,
15,52,42,0.04,0,0,,,
16,64,42,0,0,0,,,
17,68,42,0,0,0,,,
18,71,50,0,0,0,,,
19,73,52,0,0,0,,,
20,75,52,0,0,0,,,
21,76,58,0.12,0,0,,,
22,62,50,0.9,0,0,,,
23,54,47,0.09,0,0,,,
24,65,47,0,0,0,,,
25,70,42,0.17,0,0,,,
26,51,31,0,0,0,,,
27,49,34,0,0,0,,,
28,59,43,1.78,0,0,,,
29,57,43,0.15,0,0,,,
30,50,38,0.84,0,0,,,
31,66,48,0,0,0,,,
,,,,,,,,
#days,31,,,,,,,
Sum,1806,1317,7.55,0,x,,,
Avg,58.3,42.5,,,,,,
Avg Month,50.4,,,,,,,
,,,,,,,,
,,,,,,,,
,,,,,,,,
10-Apr,,,,,,,,
,,,,,,,,
Day,Max,Min,Liquid,Snow,Depth,,,
1,74,48,0,0,0,,,
2,76,47,0,0,0,,,
3,75,51,0,0,0,,,
4,77,57,0,0,0,,,
5,80,64,0.02,0,0,,,
6,88,66,0,0,0,,,
7,91,69,0,0,0,,,
8,85,52,0.61,0,0,,,
9,60,42,0,0,0,,,
10,62,45,0,0,0,,,
11,76,55,0.01,0,0,,,
12,69,53,0,0,0,,,
13,55,42,0.08,0,0,,,
14,67,50,0,0,0,,,
15,75,50,T,0,0,,,
16,74,50,0.08,0,0,,,
17,60,40,0,0,0,,,
18,57,45,0,0,0,,,
19,67,49,0,0,0,,,
20,70,52,0,0,0,,,
21,67,53,1.3,0,0,,,
22,74,48,0.02,0,0,,,
23,69,49,0,0,0,,,
24,70,47,0.4,0,0,,,
25,53,47,0.71,0,0,,,
26,56,50,0.62,0,0,,,
27,62,41,                         T,0,0,,,
28,60,46,0,0,0,,,
29,70,54,0,0,0,,,
30,80,63,0,0,0,,,
31,,,,,,,,TOTAL WINTER SNOWFALL
,,,,,,,,43.4
#days,30,,,,,,,
Sum,2099,1525,3.85,0,x,,,
Avg,70,50.8,,,,,,
Avg Month,60.4,,,,,,,
,,,,,,,,
,,,,,,,,
,,,,,,,,
10-May,,,,,,,,
,,,,,,,,
Day,Max,Min,Liquid,Snow,Depth,,,
1,92,72,T,0,0,,,
2,89,67,1.18,0,0,,,
3,83,70,T,0,0,,,
4,82,61,0,0,0,,,
5,82,65,0,0,0,,,
6,81,56,0,0,0,,,
7,73,59,0,0,0,high winds,,
8,78,46,0,0,0,high winds,,
9,57,42,0,0,0,,,
10,63,48,0,0,0,,,
11,59,47,0.46,0,0,,,
12,56,46,0.01,0,0,,,
13,68,55,0,0,0,,,
14,84,61,0.11,0,0,,,
15,75,57,0,0,0,,,
16,73,59,0,0,0,,,
17,71,50,0.46,0,0,,,
18,58,50,0.17,0,0,,,
19,69,57,0,0,0,,,
20,83,65,0,0,0,,,
21,89,64,0,0,0,,,
22,74,62,0.09,0,0,Fog,,
23,73,61,0.01,0,0,,,
24,75,64,0.05,0,0,,,
25,84,65,0,0,0,,,
26,93,78,0,0,0,,,
27,83,59,0.02,0,0,,,
28,77,64,0,0,0,,,
29,80,69,0.05,0,0,,,
30,88,72,0,0,0,,,
31,93,75,0,0,0,,,
,,,,,,,,
#days,31,,,,,,,
Sum,2385,1866,2.61,0,x,,,
Avg,76.9,60.2,,,,,,
,,,,,,,,
,,,,,,,,
,,,,,,,,
10-Jun,,,,,,,,
,,,,,,,,
Day,Max,Min,Liquid,Snow,Depth,,,
1,86,72,0.37,0,0,,,
2,90,73,0,0,0,,,
3,90,71,0,0,0,,,
4,90,76,0,0,0,,,
5,90,76,0.02,0,0,,,
6,91,58,0,0,0,,,
7,77,60,0,0,0,,,
8,76,64,0,0,0,,,
9,70,60,0.51,0,0,,,
10,86,63,0,0,0,,,
11,81,64,0,0,0,,,
12,89,71,0,0,0,,,
13,89,68,0.59,0,0,,,
14,86,70,0,0,0,,,
15,83,68,0,0,0,,,
16,81,70,0.03,0,0,,,
17,82,63,0,0,0,,,
18,87,67,0,0,0,,,
19,90,75,0,0,0,,,
20,94,74,0,0,0,,,
21,91,76,0,0,0,,,
22,93,74,0,0,0,,,
23,94,81,0,0,0,,,
24,97,71,0.58,0,0,,,
25,89,74,0,0,0,,,
26,91,77,0,0,0,,,
27,96,82,0,0,0,,,
28,95,79,0.05,0,0,,,
29,90,65,0,0,0,,,
30,81,63,0,0,0,,,
31,,,,,,,,
,,,,,,,,
#days,30,,,,,,,
Sum,2625,2105,2.15,0,x,,,
Avg,87.5,70.2,,,,,,
Avg Month,78.8,,,,,,,
,,,,,,,,
,,,,,,,,
,,,,,,,,
10-Jul,,,,,,,,
,,,,,,,,
Day,Max,Min,Liquid,Snow,Depth,,,
1,80,61,0,0,0,,,
2,82,66,0,0,0,,,
3,89,71,0,0,0,,,
4,97,76,0,0,0,,,
5,99,82,0,0,0,,,
6,103,84,0,0,0,,,
7,102,78,0,0,0,,,
8,89,76,0,0,0,,,
9,88,74,1.88,0,0,,,
10,81,73,1.11,0,0,,,
11,91,74,0,0,0,,,
12,92,72,2.43,0,0,,,
13,88,73,0.87,0,0,,,
14,83,73,0.36,0,0,,,
15,92,76,0,0,0,,,
16,96,75,0.09,0,0,,,
17,94,79,0,0,0,,,
18,94,72,0.5,0,0,,,
19,92,73,0.57,0,0,,,
20,88,77,0,0,0,,,
21,93,73,0.23,0,0,,,
22,91,79,0,0,0,,,
23,96,84,0,0,0,,,
24,98,83,0,0,0,,,
25,95,69,0.29,0,0,,,
26,88,72,0,0,0,,,
27,89,76,0,0,0,,,
28,90,78,0,0,0,,,
29,92,67,0,0,0,,,
30,86,70,0,0,0,,,
31,86,73,0,0,0,,,
,,,,,,,,
#days,31,,,,,,,
Sum,2824,2309,8.33,0,x,,,
Avg,91.1,74.5,,,,,,
Avg Month,82.8,,,,,,,
,,,,,,,,
,,,,,,,,
,,,,,,,,
10-Aug,,,,,,,,
,,,,,,,,
Day,Max,Min,Liquid,Snow,Depth,,,
1,86,69,0.02,0,0,,,
2,86,73,0,0,0,,,
3,88,77,0,0,0,,,
4,90,78,0,0,0,,,
5,90,76,0,0,0,,,
6,89,69,0,0,0,,,
7,88,73,0,0,0,,,
8,91,73,0,0,0,,,
9,93,78,0,0,0,,,
10,96,78,0.01,0,0,,,
11,96,76,0.03,0,0,,,
12,80,72,0.06,0,0,,,
13,81,69,0,0,0,,,
14,85,71,0,0,0,,,
15,79,72,0.1,0,0,,,
16,92,76,0,0,0,,,
17,91,70,0.02,0,0,,,
18,80,69,0.01,0,0,,,
19,89,74,0,0,0,,,
20,92,72,0,0,0,,,
21,89,76,T,0,0,,,
22,84,69,0.7,0,0,,,
23,83,64,0.12,0,0,,,
24,71,66,0.01,0,0,,,
25,77,68,0,0,0,,,
26,84,62,0,0,0,,,
27,81,62,0,0,0,,,
28,86,68,0,0,0,,,
29,96,73,0,0,0,,,
30,94,76,0,0,0,,,
31,97,80,0,0,0,,,AVG SUMMER TEMPERATURE
,,,,,,,,80.4
#days,31,,,,,,,
Sum,2704,2229,1.08,0,x,,,
Avg,87.2,71.9,,,,,,
Avg Month,79.6,,,,,,,
,,,,,,,,
,,,,,,,,
,,,,,,,,
10-Sep,,,,,,,,
,,,,,,,,
Day,Max,Min,Liquid,Snow,Depth,,,
1,96,76,0,0,0,,,
2,94,76,0,0,0,,,
3,89,71,0,0,0,,,
4,81,62,0,0,0,,,
5,77,60,0,0,0,,,
6,83,68,0,0,0,,,
7,89,75,0,0,0,,,
8,91,62,0,0,0,,,
9,73,61,0,0,0,,,
10,75,59,0,0,0,,,
11,80,62,0.24,0,0,,,
12,67,60,0.03,0,0,,,
13,79,62,0,0,0,,,
14,80,60,0,0,0,,,
15,78,61,0,0,0,,,
16,85,67,0.57,0,0,,,
17,78,55,0,0,0,,,
18,77,62,0,0,0,,,
19,82,61,0,0,0,,,
20,77,52,0,0,0,,,
21,76,65,0,0,0,,,
22,89,65,0.05,0,0,,,
23,86,68,0,0,0,,,
24,93,71,0,0,0,,,
25,89,64,0,0,0,,,
26,70,64,0.13,0,0,,,
27,78,66,0.11,0,0,,,
28,80,62,0.07,0,0,,,
29,77,67,1.17,0,0,,,
30,80,60,4.4,0,0,,,
31,,,,,,,,
,,,,,,,,
#days,30,,,,,,,
Sum,2449,1924,6.77,0,x,,,
Avg,81.6,64.1,,,,,,
Avg Month,72.9,,,,,,,
,,,,,,,,
,,,,,,,,
,,,,,,,,
10-Oct,,,,,,,,
,,,,,,,,
Day,Max,Min,Liquid,Snow,Depth,,,
1,72,52,0.04,0,0,,,
2,70,51,0,0,0,,,
3,65,50,0.2,0,0,,,
4,55,51,0.23,0,0,,,
5,57,52,0.18,0,0,,,
6,63,51,0.03,0,0,,,
7,73,54,0,0,0,,,
8,76,58,0,0,0,,,
9,77,50,0,0,0,,,
10,72,57,0,0,0,,,
11,81,62,0.32,0,0,,,
12,74,47,0,0,0,,,
13,66,51,0,0,0,,,
14,59,48,0.65,0,0,,,
15,61,53,0,0,0,,,
16,63,48,0,0,0,,,
17,72,52,0,0,0,,,
18,65,49,0.36,0,0,,,
19,59,49,0.02,0,0,,,
20,61,50,0,0,0,,,
21,65,47,0,0,0,,,
22,56,46,0,0,0,,,
23,67,50,0,0,0,,,
24,72,58,0,0,0,,,
25,75,61,0,0,0,,,
26,72,64,0.27,0,0,,,
27,75,65,0.13,0,0,,,
28,76,49,0,0,0,,,
29,57,42,0,0,0,,,
30,56,45,0,0,0,,,
31,61,39,0,0,0,,,
,,,,,,,,
#days,31,,,,,,,
Sum,2073,1601,2.43,0,x,,,
Avg,66.9,51.6,,,,,,
Avg Month,59.3,,,,,,,
,,,,,,,,
,,,,,,,,
,,,,,,,,
10-Nov,,,,,,,,
,,,,,,,,
Day,Max,Min,Liquid,Snow,Depth,,,
1,52,36,0,0,0,,,
2,53,38,0,0,0,,,
3,57,43,0.83,0,0,,,
4,50,45,0.51,0,0,,,
5,54,40,0,0,0,,,
6,52,35,0,0,0,,,
7,51,38,0,0,0,,,
8,52,43,0,0,0,,,
9,59,45,0,0,0,,,
10,62,43,0,0,0,,,
11,58,41,0,0,0,,,
12,63,44,0,0,0,,,
13,66,42,0,0,0,,,
14,66,46,0,0,0,,,
15,56,49,0.08,0,0,,,
16,63,51,0.52,0,0,,,
17,60,45,0,0,0,,,
18,56,41,0.03,0,0,,,
19,50,41,0,0,0,,,
20,55,41,0,0,0,,,
21,53,41,0,0,0,,,
22,60,50,0,0,0,,,
23,62,39,0,0,0,,,
24,50,40,0.22*,0,0,,,
25,55,36,,0,0,,,
26,55,33,0,0,0,,,
27,43,33,0,0,0,,,
28,48,32,0,0,0,,,
29,53,40,0,0,0,,,
30,63,53,0.96,0,0,,,
31,,,,,,,,
,,,,,,,,
#days,30,,,,,,,
Sum,1677,1244,3.15,0,x,,,
Avg,55.9,41.5,,,,,,
Avg Month,48.7,,,,,,,
,,,* 2 day accumulation,,,,,
,,,,,,,,
,,,,,,,,
,,,,,,,,
10-Dec,,,,,,,,
,,,,,,,,
Day,Max,Min,Liquid,Snow,Depth,,,
1,66,33,0.43,0,0,,,
2,42,32,0,0,0,,,
3,41,31,0,0,0,,,
4,39,29,0,0,0,,,
5,37,31,0,0,0,,,
6,36,29,0,0,0,,,
7,x,x,0,0,0,,,
8,35,24,0,0,0,,,
9,34,25,0,0,0,,,
10,36,29,0,0,0,,,
11,58,35,0.65,0,0,,,
12,60,34,0.47,0,0,,,
13,36,18,T,0,0,,,
14,26,20,0,0,0,,,
15,28,21,0.02,0.02,0.02,,,
16,27,21,0,0,0,,,
17,36,26,0,0,0,,,
18,36,26,0,0,0,,,
19,36,25,0,0,0,,,
20,36,29,0,0,0,,,
21,41,28,0,0,0,,,
22,41,32,0,0,0,,,
23,38,29,0,0,0,,,
24,40,27,0,0,0,,,
25,32,26,0,0,0,,,
26,40,20,0.68,7.5,7.5,,,
27,31,24,0,0,6,,,AVG TEMPERATURE
28,39,30,0,0,4.5,,,59.2
29,40,25,0,0,,,,
30,43,32,0,0,,,,
31,44,35,0,0,1,,,TOTAL PRECIPITATION:
,,,,,,,,85.96
#days,31,,,,,,,
Sum,1174,826,2.25,7.52,x,,,
Avg,39.1,27.5,,,,,,
Avg Month,33.3,,,,,,,
,,,,,,,,
,,,,,,,,
,,,,,,,,
11-Jan,,,,,,,,
,,,,,,,,
Day,Max,Min,Liquid,Snow,Depth,,,
1,55,41,0.02,0,0,,,
2,50,28,0.03,0,0,,,
3,37,28,0,0,0,,,
4,41,31,0,0,0,,,
5,39,27,0,0,0,,,
6,36,28,0.11,1.3,1.3,,,
7,34,24,0.15,0.7,1,,,
8,30,23,0.02,0.1,1.1,,,
9,32,23,0,0,0.5,,,
10,33,24,0,0,0.3,,,
11,32,25,0.38,4.3,4.5,,,
12,31,23,0,0,2.5,,,
13,30,19,0,0,2.5,,,
14,32,25,0,0,2.2,,,
15,38,28,0,0,1.8,,,
16,37,23,0,0,1.2,,,
17,34,23,0.82,1.1,1.8,,,
18,37,34,0.21,0,T,,,
19,44,32,0,0,T,,,
20,38,29,0.19,1,1,,,
21,33,14,0,0,T,,,
22,23,15,0,0,T,,,
23,26,9,0,0,T,,,
24,31,12,0,0,T,,,
25,41,31,0.28,2.5,2.5,,,
26,34,30,1.69,11.9,11.9,,,
27,35,29,0,0,9,,,
28,36,27,0.1,0.1,9,,,
29,35,27,0,0,7.3,,,
30,40,24,0,0,6.8,,,
31,32,26,0.02,0,6.5,,,
,,,,,,,,
#days,,,,,,,,
Sum,1106,782,4.02,23,x,,,
Avg,35.7,25.2,,,,,,
Avg Month,30.5,,,,,,,
,,,,,,,,
,,,,,,,,
,,,,,,,,
11-Feb,,,,,,,,
,,,,,,,,
Day,Max,Min,Liquid,Snow,Depth,,,
1,35,28,0.81,0,6,,,
2,43,25,0,0,5,,,
3,35,24,0,0,4,,,
4,36,28,0.08,0,4,,,
5,42,32,0.16,0,2,,,
6,45,34,0,0,1,,,
7,47,38,0.01,0,T,,,
8,39,16,0,0,T,,,
9,30,21,0,0,T,,,
10,29,20,0,0,T,,,
11,40,27,0,0,T,,,
12,41,31,0,0,T,,,
13,49,35,0,0,T,,,
14,61,29,0,0,0,,,
15,39,30,0,0,0,,,
16,51,34,0,0,0,,,
17,67,48,0,0,0,,,
18,70,43,0,0,0,,,
19,46,26,0,0,0,,,
20,44,30,T,0,0,,,
21,42,21,0.32,4,4,,,
22,38,23,0,0,2,,,
23,46,28,0,0,T,,,
24,56,36,0.79,0,0,,,
25,61,34,0.23,0,0,,,
26,45,36,0,0,0,,,
27,57,42,0.23,0,0,,,
28,59,33,0.07,0,0,,AVG WINTER TEMPERATURE,
29,,,,,,,34,
30,,,,,,,,
31,,,,,,,,
,,,,,,,,
#days,28,,,,,,,
Sum,1293,852,2.7,4,x,,,
Avg,46.2,30.4,,,,,,
Avg Month,38.3,,,,,,,
,,,,,,,,
,,,,,,,,
,,,,,,,,
11-Mar,,,,,,,,
,,,,,,,,
Day,Max,Min,Liquid,Snow,Depth,,,
1,49,34,0,0,0,,,
2,56,21,0,0,0,,,
3,38,24,0,0,0,,,
4,55,35,0,0,0,,,
5,64,53,0.2,0,0,,,
6,60,33,1.28,0,0,,,
7,48,31,0,0,0,,,
8,51,34,0,0,0,,,
9,52,39,0.23,0,0,,,
10,58,46,1.27,0,0,,,
11,53,39,0,0,0,,,
12,55,46,0,0,0,,,
13,50,38,0,0,0,,,
14,49,35,0,0,0,,,
15,54,39,0.63,0,0,,,
16,60,42,0,0,0,,,
17,65,49,0,0,0,,,
18,76,50,0,0,0,,,
19,57,34,0,0,0,,,
20,53,38,0.38,0,0,,,
21,59,42,0.07,0,0,,,
22,53,37,T,0,0,,,
23,40,32,0.35,0,0,,,
24,43,29,0,0,0,,,
25,44,28,0,0,0,,,
26,43,29,0,0,0,,,
27,46,28,0,0,0,,,
28,46,31,0,0,0,,,
29,51,36,0,0,0,,,
30,52,38,0.09,0,0,,,
31,42,36,0.26,T,0,,,
,,,,,,,,
#days,31,,,,,,,
Sum,1622,1126,4.76,0,x,,,
Avg,52.3,36.3,,,,,,
Avg Month,44.3,,,,,,,
,,,,,,,,
,,,,,,,,
,,,,,,,,
11-Apr,,,,,,,,
,,,,,,,,
Day,Max,Min,Liquid,Snow,Depth,,,
1,47,36,0.03,0,0,,,
2,54,40,0.04,0,0,,,
3,59,46,0.03,0,0,,,
4,79,54,0.15,0,0,,,
5,65,38,0.2,0,0,,,
6,57,44,0,0,0,,,
7,55,44,0,0,0,,,
8,49,40,0.75,0,0,,,
9,60,48,0,0,0,,,
10,63,51,0,0,0,,,
11,83,61,0,0,0,,,
12,64,45,0.69,0,0,,,
13,55,47,0.08,0,0,,,
14,71,50,0,0,0,,,
15,56,42,0,0,0,,,
16,61,47,2.87,0,0,,,
17,62,51,0,0,0,,,
18,67,52,0,0,0,,,
19,58,46,0.04,0,0,,,
20,83,48,0,0,0,,,
21,64,41,0,0,0,,,
22,52,43,0.33,0,0,,,
23,68,50,0.16,0,0,,,
24,83,65,0.02,0,0,,,
25,88,68,0,0,0,,,
26,84,68,0,0,0,,,
27,81,70,,,,2 day precip accumulation,,
28,79,59,1.02,0,0,,,
29,68,49,0,0,0,,,
30,69,51,0,0,0,,,
31,,,,,,,,TOTAL WINTER SNOWFALL
,,,,,,,,34.52
#days,30,,,,,,,
Sum,1984,1494,6.41,0,x,,,
Avg,66.1,49.8,,,,,,
Avg Month,58,,,,,,,
,,,,,,,,
,,,,,,,,
,,,,,,,,
11-May,,,,,,,,
,,,,,,,,
Day,Max,Min,Liquid,Snow,Depth,,,
1,71,57,0,0,0,,,
2,73,59,0,0,0,,,
3,85,52,0.39,0,0,,,
4,55,47,0.18,0,0,,,
5,66,51,0,0,0,,,
6,73,53,0,0,0,,,
7,73,52,T,0,0,,,
8,76,56,0,0,0,,,
9,73,54,0,0,0,,,
10,76,53,0,0,0,,,
11,73,56,0,0,0,,,
12,76,53,0,0,0,,,
13,75,58,0,0,0,,,
14,65,60,0.49,0,0,,,
15,77,62,0.11,0,0,,,
16,71,57,0.21,0,0,,,
17,68,58,0.16,0,0,,,
18,69,59,0.4,0,0,,,
19,79,58,0.33,0,0,,,
20,68,57,0.15,0,0,,,
21,81,60,T,0,0,,,
22,65,57,0.15,0,0,,,
23,79,64,0,0,0,,,
24,86,68,0,0,0,,,
25,86,66,0,0,0,,,
26,92,67,0,0,0,,,
27,88,70,0,0,0,,,
28,87,70,0,0,0,,,
29,88,73,0,0,0,,,
30,94,77,0,0,0,,,
31,97,74,0,0,0,,,
,,,,,,,,
#days,31,,,,,,,
Sum,2385,1858,2.57,0,x,,,
Avg,76.9,59.9,,,,,,
Avg Month,68.4,,,,,,,
,,,,,,,,
,,,,,,,,
,,,,,,,,
11-Jun,,,,,,,,
,,,,,,,,
Day,Max,Min,Liquid,Snow,Depth,,,
1,95,74,0,0,0,,,
2,82,60,0,0,0,,,
3,79,58,0,0,0,,,
4,80,61,0,0,0,,,
5,78,63,0,0,0,,,
6,85,67,0,0,0,,,
7,89,73,0,0,0,,,
8,98,80,0,0,0,,,
9,99,71,0.35,0,0,,,
10,92,72,0,0,0,,,
11,78,63,0.47,0,0,,,
12,82,65,0,0,0,,,
13,76,59,0,0,0,,,
14,78,57,0.23,0,0,,,
15,85,67,0,0,0,,,
16,83,67,1.14,0,0,,,
17,82,69,0.03,0,0,,,
18,87,71,0,0,0,,,
19,90,70,0,0,0,,,
20,81,69,0,0,0,,,
21,85,69,0.1,0,0,,,
22,92,77,T,0,0,,,
23,89,70,T,0,0,,,
24,89,70,0,0,0,,,
25,85,68,0,0,0,,,
26,81,69,0,0,0,,,
27,84,72,0,0,0,,,
28,85,74,0.11,0,0,,,
29,84,66,0,0,0,,,
30,84,66,0,0,0,,,
31,,,,,,,,
,,,,,,,,
#days,30,,,,,,,
Sum,2557,2037,2.43,0,x,,,
Avg,85.2,67.9,,,,,,
Avg Month,76.6,,,,,,,
,,,,,,,,
,,,,,,,,
,,,,,,,,
11-Jul,,,,,,,,
,,,,,,,,
Day,Max,Min,Liquid,Snow,Depth,,,
1,87,69,0,0,0,,,
2,89,73,0.04,0,0,,,
3,89,73,0,0,0,,,
4,89,74,0,0,0,,,
5,93,76,0,0,0,,,
6,93,75,0,0,0,,,
7,95,75,T,0,0,,,
8,86,69,2.56,0,0,,,
9,91,71,0,0,0,,,
10,91,73,0,0,0,,,
11,92,76,0,0,0,,,
12,94,79,0,0,0,,,
13,88,67,0,0,0,,,
14,86,68,0,0,0,,,
15,88,71,0,0,0,,,
16,88,72,0,0,0,,,
17,90,73,0,0,0,,,
18,94,76,0,0,0,,,
19,97,74,0.15,0,0,,,
20,92,78,0,0,0,,,
21,98,84,0,0,0,,,
22,104,86,0,0,0,,,
23,102,84,0,0,0,,,
24,97,76,0.02,0,0,,,
25,87,73,0.28,0,0,,,
26,92,72,0,0,0,,,
27,89,76,0,0,0,,,
28,90,73,0.08,0,0,,,
29,96,75,0.13,0,0,,,
30,94,77,0,0,0,,,
31,96,77,0,0,0,,,
,,,,,,,,
#days,31,,,,,,,
Sum,2857,2315,3.26,0,x,,,
Avg,92.2,74.7,,,,,,
Avg Month,83.4,,,,,,,
,,,,,,,,
,,,,,,,,
,,,,,,,,
11-Aug,,,,,,,,
,,,,,,,,
Day,Max,Min,Liquid,Snow,Depth,,,
1,97,72,0.19,0,0,,,
2,92,74,0,0,0,,,
3,88,69,0.92,0,0,,,
4,83,69,0,0,0,,,
5,86,72,0,0,0,,,
6,89,73,0.13,0,0,,,
7,90,77,0.07,0,0,,,
8,91,76,0,0,0,,,
9,86,72,1.24,0,0,,,
10,86,70,0,0,0,,,
11,85,65,0,0,0,,,
12,86,68,0,0,0,,,
13,88,69,3.07,0,0,,,
14,74,69,1.88,0,0,,,
15,82,67,0.26,0,0,,,
16,83,68,0.05,0,0,,,
17,89,67,1.04,0,0,,,
18,88,68,0.29,0,0,Thunder,,
19,88,65,0.71,0,0,Thunder,,
20,87,73,T,0,0,,,
21,88,69,0.66,0,0,,,
22,79,62,0,0,0,,,
23,80,66,0,0,0,,,
24,84,68,0,0,0,,,
25,80,70,0.45,0,0,,,
26,89,74,T,0,0,,,
27,78,70,5.73,0,0,,,
28,76,60,0.01,0,0,,,
29,80,61,0,0,0,,,
30,84,65,0,0,0,,,
31,87,68,0,0,0,,,AVG SUMMER TEMPERATURE
,,,,,,,,79
#days,31,,,,,,,
Sum,2643,2136,16.7,0,x,,,
Avg,85.3,68.9,,,,,,
Avg Month,77.1,,,,,,,
,,,,,,,,
,,,,,,,,
,,,,,,,,
11-Sep,,,,,,,,
,,,,,,,,
Day,Max,Min,Liquid,Snow,Depth,,,
1,83,66,0,0,0,,,
2,80,67,0,0,0,,,
3,83,69,0,0,0,,,
4,86,71,0,0,0,,,
5,86,63,0.41,0,0,,,
6,68,60,2.9,0,0,,,
7,87,69,3.98,0,0,,,
8,74,68,0.14,0,0,,,
9,86,70,0,0,0,,,
10,85,67,0,0,0,,,
11,78,64,1.22,0,0,Thunder,,
12,84,65,0,0,0,,,
13,85,68,0,0,0,,,
14,87,70,0,0,0,,,
15,77,50,0.1,0,0,,,
16,70,54,0,0,0,,,
17,66,54,0,0,0,,,
18,69,55,0,0,0,,,
19,72,55,0,0,0,,,
20,71,63,0.03,0,0,,,
21,77,63,0.04,0,0,,,
22,80,71,0.05,0,0,,,
23,75,68,2.47,0,0,,,
24,76,69,0.02,0,0,,,
25,82,69,0.02,0,0,,,
26,81,69,T,0,0,,,
27,82,69,0.3,0,0,,,
28,79,71,0.03,0,0,,,
29,79,62,T,0,0,,,
30,78,57,0.29,0,0,,,
31,,,,,,,,
,,,,,,,,
#days,30,,,,,,,
Sum,2366,1936,12,0,x,,,
Avg,78.9,64.5,,,,,,
Avg Month,71.7,,,,,,,
,,,,,,,,
,,,,,,,,
,,,,,,,,
11-Oct,,,,,,,,
,,,,,,,,
Day,Max,Min,Liquid,Snow,Depth,,,
1,66,51,0.2,0,0,,,
2,58,48,0.03,0,0,,,
3,57,48,0.01,0,0,,,
4,65,49,0,0,0,,,
5,74,49,0,0,0,,,
6,70,49,0,0,0,,,
7,70,51,0,0,0,,,
8,77,55,0,0,0,,,
9,86,59,0,0,0,,,
10,82,63,0,0,0,,,
11,76,61,0.06,0,0,,,
12,63,59,0.28,0,0,,,
13,71,60,0.09,0,0,,,
14,76,56,0.3,0,0,,,
15,69,55,0,0,0,,,
16,69,55,0,0,0,,,
17,70,55,0,0,0,,,
18,70,54,0,0,0,,,
19,74,55,0.24,0,0,,,
20,63,50,Trace,0,0,,,
21,58,45,0,0,0,,,
22,58,44,0,0,0,,,
23,63,49,0,0,0,,,
24,65,50,Trace,0,0,,,
25,66,51,0,0,0,,,
26,66,53,0.12,0,0,,,
27,63,39,0.14,0,0,,,
28,51,38,0.27,0,0,,,
29,43,33,1.2,0.4,0.4,,,
30,50,35,0,0,T,,,
31,57,35,Trace,0,0,,,
,,,,,,,,
#days,31,,,,,,,
Sum,2046,1554,2.94,0.4,x,,,
Avg,66,50.1,,,,,,
Avg Month,58.1,,,,,,,
,,,,,,,,
,,,,,,,,
,,,,,,,,
11-Nov,,,,,,,,
,,,,,,,,
Day,Max,Min,Liquid,Snow,Depth,,,
1,57,41,0,0,0,,,
2,61,41,0,0,0,,,
3,62,45,0,0,0,,,
4,58,38,0,0,0,,,
5,53,36,0,0,0,,,
6,55,39,0,0,0,,,
7,62,44,0,0,0,,,
8,73,47,0,0,0,,,
9,67,47,0,0,0,,,
10,64,42,0.1,0,0,,,
11,48,39,T,0,0,,,
12,59,39,0,0,0,,,
13,62,47,0,0,0,,,
14,71,55,0,0,0,,,
15,67,56,0.2,0,0,,,
16,58,40,0.48,0,0,,,
17,50,36,T,0,0,,,
18,47,34,0,0,0,,,
19,54,37,0,0,0,,,
20,63,51,0.12,0,0,,,
21,56,47,0.23,0,0,,,
22,61,46,2.45,0,0,,,
23,61,39,0.08,0,0,,,
24,59,38,0,0,0,,,
25,65,45,T,0,0,,,
26,66,46,0,0,0,,,
27,66,48,0,0,0,,,
28,72,56,0.1,0,0,,,
29,69,46,0.63,0,0,,,
30,50,38,0,0,0,,,
31,,,,,,,,
,,,,,,,,
#days,30,,,,,,,
Sum,1816,1303,4.39,0,x,,,
Avg,60.5,43.4,,,,,,
Avg Month,52,,,,,,,
,,,,,,,,
,,,,,,,,
,,,,,,,,
11-Dec,,,,,,,,
,,,,,,,,
Day,Max,Min,Liquid,Snow,Depth,,,
1,52,37,T,0,0,,,
2,55,37,0,0,0,,,
3,49,39,0,0,0,,,
4,58,38,T,0,0,,,
5,61,47,0.07,0,0,,,
6,62,58,0.54,0,0,,,
7,61,37,2.01,0,0,,,
8,46,36,T,0,0,,,
9,51,36,0,0,0,,,
10,45,30,0,0,0,,,
11,45,30,0,0,0,,,
12,44,29,0,0,0,,,
13,48,30,0,0,0,,,
14,51,38,0,0,0,,,
15,59,48,0.03,0,0,,,
16,51,35,0,0,0,,,
17,43,29,T,0,0,,,
18,36,26,0,0,0,,,
19,50,31,T,0,0,,,
20,50,42,0.09,0,0,,,
21,62,43,0.08,0,0,,,
22,61,47,1.53,0,0,,,
23,51,34,0,0,0,,,
24,,,,,,,,
25,48,33,0,0,0,,,
26,48,37,0,0,0,,,
27,59,39,0.65,0,0,,,AVG TEMPERATURE
28,45,27,0,0,0,,,58.5
29,40,27,0,0,0,,,
30,55,36,0,0,0,,,
31,59,44,0,0,0,,,TOTAL PRECIPITATION:
,,,,,,,,94.58
#days,30,,,,,,,
Sum,1545,1100,5,0,x,,,
Avg,51.5,36.7,,,,,,
Avg Month,44.1,,,,,,,
Jan-12 to Jul-15 no data recorded,,,,,,,,
,,,,,,,,
,,,,,,,,
,,,,,,,,
,,,,,,,,
15-Aug,,,,,,,,
,,,,,,,,
Day,Max,Min,Liquid,Snow,Depth,,,
1,95,75,0,0,0,,,
2,90,71,0,0,0,,,
3,91,73,0,0,0,,,
4,92,74,0.08,0,0,,,
5,92,74,0,0,0,,,
6,89,70,0,0,0,,,
7,88,69,0.06,0,0,,,
8,86,68,0,0,0,,,
9,83,71,0,0,0,,,
10,86,70,0,0,0,,,
11,80,70,0.71,0,0,,,
12,84,70,0.63,0,0,,,
13,85,67,0,0,0,,,
14,86,66,0,0,0,,,
15,90,71,0,0,0,,,
16,93,73,0,0,0,,,
17,94,74,0,0,0,,,
18,95,74,0,0,0,,,
19,95,76,0,0,0,,,
20,94,76,0,0,0,,,
21,91,72,0.1,0,0,,,
22,88,67,0,0,0,,,
23,86,64,0,0,0,,,
24,87,68,0,0,0,,,
25,89,74,T,0,0,,,
26,90,67,0,0,0,,,
27,84,64,0,0,0,,,
28,81,63,0,0,0,,,
29,83,65,0,0,0,,,
30,87,70,0,0,0,,,
31,90,76,0,0,0,,,
,,,,,,,,
#days,31,,,,,,,
Sum,2744,2182,1.58,0,x,,,
Avg,88.5,70.4,,,,,,
Avg Month,79.5,,,,,,,
,,,,,,,,
,,,,,,,,
,,,,,,,,
15-Sep,,,,,,,,
,,,,,,,,
Day,Max,Min,Liquid,Snow,Depth,,,
1,91,74,0.06,0,0,,,
2,93,73,0,0,0,,,
3,93,75,0,0,0,,,
4,94,76,0,0,0,,,
5,87,70,0,0,0,,,
6,85,65,0,0,0,,,
7,88,69,0,0,0,,,
8,91,72,0,0,0,,,
9,94,76,0,0,0,,,
10,94,72,0.43,0,0,,,
11,76,67,2.8,0,0,,,
12,83,69,0,0,0,,,
13,78,63,0.05,0,0,,,
14,73,56,0,0,0,,,
15,77,61,0,0,0,,,
16,85,64,0,0,0,,,
17,89,66,0,0,0,,,
18,89,66,0,0,0,,,
19,87,68,0,0,0,,,
20,86,67,0,0,0,,,
21,79,59,0,0,0,,,
22,71,62,0,0,0,,,
23,72,59,0,0,0,,,
24,80,58,0,0,0,,,
25,81,64,0,0,0,,,
26,76,62,0,0,0,,,
27,70,58,0,0,0,,,
28,68,61,0,0,0,,,
29,81,67,0,0,0,,,
30,84,73,1.67,0,0,,,
31,,,,,,,,
,,,,,,,,
#days,,,,,,,,
Sum,2495,1992,5.01,0,x,,,
Avg,83.16666667,66.4,,,,,,
Avg Month,74.78333333,,,,,,,
,,,,,,,,
,,,,,,,,
,,,,,,,,
15-Oct,,,,,,,,
,,,,,,,,
Day,Max,Min,Liquid,Snow,Depth,,,
1,81,57,0.03,0,0,,,
2,60,50,0.66,0,0,,,
3,50,48,1.71,0,0,,,
4,55,50,,0,0,,,
5,61,50,T,0,0,,,
6,67,50,0,0,0,,,
7,76,58,0,0,0,,,
8,75,58,0,0,0,,,
9,76,61,0,0,0,,,
10,78,51,0.44,0,0,,,
11,66,50,0,0,0,,,
12,71,54,0,0,0,,,
13,77,59,0,0,0,,,
14,75,57,0,0,0,,,
15,66,51,0,0,0,,,
16,66,53,0,0,0,,,
17,65,46,0,0,0,,,
18,56,38,0,0,0,,,
19,51,35,T,0,0,,,
20,55,39,0,0,0,,,
21,69,50,0,0,0,,,
22,77,53,0,0,0,,,
23,76,53,0,0,0,,,
24,64,43,0,0,0,,,
25,64,46,T,0,0,,,
26,70,47,0,0,0,,,
27,61,45,0,0,0,,,
28,60,47,0.06,0,0,,,
29,70,59,1.17,0,0,,,
30,71,47,T,0,0,,,
31,59,42,0,0,0,,,
,,,,,,,,
#days,,,,,,,,
Sum,2068,1547,4.07,0,x,,,
Avg,66.7,49.9,,,,,,
Avg Month,58.3,,,,,,,
,,,,,,,,
,,,,,,,,
,,,,,,,,
15-Nov,,,,,,,,
,,,,,,,,
Day,Max,Min,Liquid,Snow,Depth,,,
1,57,45,0,0,0,,,
2,64,55,0,0,0,,,
3,64,48,0,0,0,,,
4,76,51,0,0,0,,,
5,79,56,0.5,0,0,,,
6,69,59,T,0,0,,,
7,75,64,T,0,0,,,
8,65,46,0,0,0,,,
9,59,42,0,0,0,,,
10,61,45,0.37,0,0,,,
11,60,53,0.36,0,0,,,
12,64,52,0.01,0,0,,,
13,60,53,0.18,0,0,,,
14,58,44,0,0,0,,,
15,52,39,0,0,0,,,
16,63,42,0,0,0,,,
17,71,46,0,0,0,,,
18,55,44,0,0,0,,,
19,63,48,T,0,0,,,
20,66,50,1.27,0,0,,,
21,55,41,0,0,0,,,
22,55,42,0,0,0,,,
23,49,33,0,0,0,,,
24,42,33,0,0,0,,,
25,51,36,0,0,0,,,
26,53,40,0,0,0,,,
27,64,43,0,0,0,,,
28,65,48,0,0,0,,,
29,55,45,0.07,0,0,,,
30,47,36,0,0,0,,,
31,,,,,,,,
,,,,,,,,
#days,,,,,,,,
Sum,1817,1379,2.76,0,x,,,
Avg,60.6,46,,,,,,
Avg Month,53.3,,,,,,,
,,,,,,,,
,,,,,,,,
15-Dec,,,,,,,,
Day,Max,Min,Liquid,Snow,Depth,,,
1,53,38,0.27,0,0,,,
2,54,47,0.78,0,0,,,
3,58,49,0.13,0,0,,,
4,49,42,0,0,0,,,
5,53,38,0,0,0,,,
6,53,36,0,0,0,,,
7,53,35,0,0,0,,,
8,56,37,0,0,0,,,
9,50,37,0,0,0,,,
10,56,39,0,0,0,,,
11,61,49,0,0,0,,,
12,60,48,0,0,0,,,
13,70,52,0,0,0,,,
14,72,54,0,0,0,,,
15,69,57,0.21,0,0,,,
16,62,50,0,0,0,,,
17,52,49,0,0,0,,,
18,56,48,1.02,0,0,,,
19,48,34,0,0,0,,,
20,41,32,0,0,0,,,
21,44,32,0,0,0,,,
22,56,41,0.11,0,0,,,
23,59,55,0.07,0,0,,,
24,69,57,0,0,0,,,
25,70,64,0,0,0,,,
26,69,55,0,0,0,,,
27,56,49,1.5,0,0,,,
28,63,41,0.21,0,0,,,
29,50,39,1.14,0,0,,,
30,50,45,0.045,0,0,,,
31,51,44,0.29,0,0,,,
,,,,,,,,
#days,,,,,,,,
Sum,1763,1393,5.78,0,x,,,
Avg,56.9,44.9,,,,,,
Avg Month,50.9,,,,,,,
,,,,,,,,
,,,,,,,,
16-Jan,,,,,,,,
Day,Max,Min,Liquid,Snow,Depth,At Obs,,
1,51,39,0,0,0,,,
2,42,34,0,0,0,35,,
3,44,33,0,0,0,38,,
4,49,33,0,0,0,29,,
5,34,11,0,0,0,16,,
6,32,11,0,0,0,28,,
7,41,23,0,0,0,36,,
8,45,31,0,0,0,,,
9,44,39,0,0,0,,,
10,55,41,0.83,0,0,60,,
11,65,31,T,T,0,29,,
12,35,26,0,0,0,32,,
13,45,22,T,T,0,23,,
14,29,20,0,0,0,29,,
15,46,26,0,0,0,41,,
16,53,34,0.3,0,0,45,,
17,53,36,0,0,0,37,,
18,24,19,0.05,0.05,0.02,21,,
19,27,15,0,0,0,19,,
20,29,24,0,0,0,29,,
21,36,24,0,0,0,29,,
22,36,23,0,0,0,24,,
23,27,22,,,,,,
24,29,22,,,,,,
25,33,21,1,25.3,25,31,,
26,41,26,0,0,24,40,,
27,49,38,0,0,16,39,,
28,44,28,0,0,16,36,,
29,43,26,0,0,14,35,,
30,41,27,0,0,14,35,,
31,41,36,0,0,12,39,,
#days,,,,,,,,
Sum,1263,841,2.18,25.35,x,,,
Avg,40.74193548,27.12903226,,,,,,
Avg Month,33.93548387,,,,,,,
,,,,,,,,
Highest,65,on,,greatest in 24 hrs,,,,
Lowest,11,on,,1,,,,
#max<=32,7,,,on,,,,
#max>=90,0,,,,,,,
#min<=32,20,,,,,,,
#min>=0,29,,,greatest snowfall in 24hrs,,,,
,,,,25.3,,,,
,,,,on,,,,
,,,,,,,,
,,,,,,,,
,,,,greatest depth of snow on ground,,,,
,,,,25,,,,
,,,,on,,,,
,,,,,,,,
,,,,,,,,
16-Feb,,,,,,,,
Day,Max,Min,Liquid,Snow,Depth,At Obs,,
1,58,36,0,0,7,50,,
2,61,37,0.08,0,5,42,,
3,52,37,0.05,0,5,53,,
4,62,43,0.47,0,0,50,,
5,56,33,0.47,T,T,36,,
6,44,31,0,0,0,36,,
7,43,30,0,0,0,38,,
8,45,32,0,0,0,39,,
9,43,31,0.03,T,T,32,,
10,35,31,0.13,0.5,1,31,,
11,35,22,0,0,T,22,,
12,error,error,0,0,0,21,,
13,26,20,0,0,0,21,,
14,25,20,0,0,0,9,,
15,23,7,0,0,0,20,,
16,20,9,0.42,0,0,56,,
17,58,20,0.66,0,0,39,,
18,59,37,0,0,0,31,,
19,42,29,0,0,0,46,,
20,37,24,0,0,0,,,
21,46,30,0,0,0,52,,
22,61,45,0.05,0,0,41,,
23,59,39,0.02,0,0,38,,
24,54,38,0.44,0,0,44,,
25,44,38,1.92,0,0,47,,
26,65,44,0,0,0,35,,
27,48,34,0,0,0,32,,
28,40,28,0,0,0,43,,
29,44,33,T,0,0,51,,
30,,,,,,,,
31,,,,,,,,
#days,,,,,,,,
Sum,1285,858,4.74,0.5,x,,,
Avg,45.89285714,30.64285714,,,,,,
Avg Month,38.26785714,,,,,,,
,,,,,,,,
,,,,,greatest in 24 hrs,,,
,,,,,1.92,,,
Highest,65,on,,,on,,,
Lowest,7,on,,,,,,
#max<=32,4,,,,,,,
#max>=90,0,,,,greatest snowfall in 24hrs,,,
#min<=32,15,,,,0.5,,,
#min>=0,28,,,,on,,,
,,,,,,,,
,,,,,,,,
,,,,,greatest depth of snow on ground,,,
,,,,,7,,,
,,,,,on,,,
,,,,,,,,
16-Mar,,,,,,,,
,,,,,,,,
Day,Max,Min,Liquid,Snow,Depth,At Obs,,
1,63,44,T,0,0,47,,
2,62,44,0.3,0,0,39,,
3,65,38,,,,31,,
4,42,26,0.8,0.8,0.8,37,,
5,40,29,0,0,0,,,
6,40,29,0,0,0,38,,
7,44,34,0,0,0,44,,
8,62,35,0,0,0,62,,
9,error,error,0,0,0,61,,
10,82,59,0,0,0,67,,
11,82,58,0,0,0,63,,
12,67,43,0,0,0,52,,
13,62,52,0,0,0,56,,
14,48,45,0,0,0,45,,
15,62,43,1.13,0,0,47,,
16,48,43,0,0,0,54,,
17,72,48,0,0,0,55,,
18,72,48,0,0,0,,,
19,64,48,0,0,0,41,,
20,63,39,0,0,0,38,,
21,42,34,0.1,0,T,40,,
22,51,33,0,0,0,42,,
23,59,36,0,0,0,57,,
24,62,46,0,0,0,50,,
25,74,46,0,0,0,66,,
26,72,51,,0,0,52,,
27,48,43,0,,,48,,
28,58,43,0.43,0,0,47,,
29,67,45,0,0,0,48,,
30,60,38,0,0,0,43,,
31,59,38,0,0,0,49,,
#days,,,,,,,,
Sum,1792,1258,2.76,0.8,x,,,
Avg,59.73333333,41.93333333,,,,,,
Avg Month,50.83333333,,,,,,,
,,,,,,,,
,,,,,greatest in 24 hrs,,,
,,,,,1.13,,,
Highest,82,on,,,on,,,
Lowest,26,on,,,,,,
#max<=32,0,,,,,,,
#max>=90,0,,,,greatest snowfall in 24hrs,,,
#min<=32,3,,,,0.8,,,
#min>=0,30,,,,on,,,
,,,,,,,,
,,,,,,,,
,,,,,greatest depth of snow on ground,,,
,,,,,0.8,,,
,,,,,on,,,
,,,,,42052,,,
,,,,,,,,
,,,,,,,,
,,,,,,,,
16-Apr,,,,,,,,
,,,,,,,,
Day,Max,Min,Liquid,Snow,Depth,At Obs,,
1,73,49,0,0,0,64,,
2,79,65,0.13,0,0,50,,
3,67,43,0.2,0,0,,,
4,46,34,T,0,0,50,,
5,63,36,0.1,0,0,31,,
6,45,32,0,0,0,41,,
7,54,32,0,0,0,60,,
8,61,48,0.13,0,0,46,,
9,51,41,0.02,0,0,41,,
10,43,34,0.43,0.43,T,36,,
11,50,30,0.03,0,0,50,,
12,68,42,0.19,0,0,57,,
13,62,47,0.16,0,0,44,,
14,58,40,0,0,0,51,,
15,62,42,0,0,0,49,,
16,65,43,0,0,0,52,,
17,68,44,0,0,0,59,,
18,75,44,0,0,0,67,,
19,83,53,0,0,0,72,,
20,76,56,0,0,0,58,,
21,72,49,0,0,0,71,,
22,73,49,0.23,0,0,,,
23,80,63,0,0,0,60,,
24,69,53,0,0,0,53,,
25,70,46,0.05,0,0,61,,
26,77,51,T,0,0,68,,
27,85,51,0.17,0,0,,,
28,55,49,0,0,0,53,,
29,56,43,0.19,0,0,55,,
30,52,44,0,0,0,,,
31,,,,,,,,
#days,,,,,,,,
Sum,1938,1353,2.03,0.43,0,,,
Avg,64.6,45.1,,,,,,
Avg Month,54.85,,,,,,,
,,,,,,,,
,,,,,,,,
,,,,,,,,
Highest,85,on,,greatest in 24 hrs,,,,
Lowest,30,on,,0.43,,,,
#max<=32,0,,,on,,,,
#max>=90,0,,,,,,,
#min<=32,3,,,,,,,
#min>=0,30,,,greatest snowfall in 24hrs,,,,
,,,,0.43,,,,
,,,,on,,,,
,,,,,,,,
,,,,,,,,
,,,,greatest depth of snow on ground,,,,
,,,,0,,,,
,,,,on,,,,
,,,,,,,,
,,,,,,,,
,,,,,,,,
16-May,,,,,,,,
,,,,,,,,
Day,Max,Min,Liquid,Snow,Depth,At Obs,,
1,61,45,0.42,0,0,46,,
2,52,46,0.2,0,0,50,,
3,64,46,0.63,0,0,55,,
4,59,51,0.05,0,0,51,,
5,53,49,0.03,0,0,49,,
6,57,48,0.94,0,0,49,,
7,55,49,,0,0,,,
8,61,49,0.51,0,0,58,,
9,70,51,0,0,0,68,,
10,71,52,0,0,0,53,,
11,61,52,0,0,0,60,,
12,69,54,0,0,0,67,,
13,81,59,0.17,0,0,,,
14,70,61,0,0,0,69,,
15,77,56,0.08,0,0,54,,
16,59,47,0,0,0,51,,
17,63,56,0.13,0,0,57,,
18,63,56,0.13,0,0,57,,
19,69,55,0.1,0,0,65,,
20,75,55,0,0,0,67,,
21,80,54,0,0,0,,,
22,62,53,1.38,0,0,56,,
23,65,51,0.02,0,0,65,,
24,77,55,0.17,0,0,66,,
25,84,58,,0,0,,,
26,90,60,0,0,0,,,
27,92,69,0,0,0,81,,
28,91,72,0,0,0,79,,
29,92,70,0,0,0,76,,
30,90,69,2.4,0,0,73,,
31,81,67,0,0,0,78,,
#days,31,,,,,,,
Sum,2225,1715,7.36,0,x,,,
Avg,69.53125,55.32258065,,,,,,
Avg Month,63.0483871,,,,,,,
,,,,,,,,
,,,,,,,,
,,,,,,,,
Highest,92,on,,greatest in 24 hrs,,,,
Lowest,45,on,,2.4,,,,
#max<=32,0,,,on,,,,
#max>=90,5,,,,,,,
#min<=32,0,,,,,,,
#min>=0,31,,,greatest snowfall in 24hrs,,,,
,,,,0,,,,
,,,,on,,,,
,,,,,,,,
,,,,,,,,
,,,,greatest depth of snow on ground,,,,
,,,,0,,,,
,,,,on,,,,
,,,,,,,,
,,,,,,,,
,,,,,,,,
,,,,,,,,
16-Jun,,,,,,,,
,,,,,,,,
Day,Max,Min,Liquid,Snow,Depth,At Obs,,
1,90,71,0,0,0,78,,
2,90,69,0,0,0,67,,
3,84,62,0.2,0,0,66,,
4,74,64,0,0,0,71,,
5,86,67,0.05,0,0,71,,
6,84,68,0.75,0,0,77,,
7,88,68,0,0,0,79,,
8,87,68,0,0,0,67,,
9,71,56,0.21,0,0,69,,
10,76,55,0,0,0,67,,
11,80,60,0,0,0,73,,
12,93,64,0,0,0,86,,
13,90,67,0,0,0,66,,
14,79,60,0,0,0,67,,
15,81,61,0,0,0,79,,
16,82,64,0.23,0,0,65,,
17,72,63,0,0,0,,,
18,85,65,0,0,0,,,
19,88,62,0,0,0,79,,
20,95,68,0,0,0,83,,
21,94,69,0,0,0,91,,
22,91,73,0.05,0,0,80,,
23,89,71,0,0,0,78,,
24,88,72,0,0,0,75,,
25,82,70,0,0,0,,,
26,87,67,0,0,0,80,,
27,89,68,0,0,0,76,,
28,89,66,0.87,0,0,73,,
29,85,71,T,0,0,76,,
30,87,68,0,0,0,77,,
31,,,,,,,,
#days,,,,,,,,
Sum,2556,1977,2.36,0,x,,,
Avg,85.2,65.9,,,,,,
Avg Month,75.55,,,,,,,
,,,,,,,,
,,,,,,,,
,,,,,,,,
Highest,95,on,,greatest in 24 hrs,,,,
Lowest,55,on,,0.87,,,,
#max<=32,0,,,on,,,,
#max>=90,7,,,,,,,
#min<=32,0,,,,,,,
#min>=0,30,,,greatest snowfall in 24hrs,,,,
,,,,0,,,,
,,,,on,,,,
,,,,,,,,
,,,,,,,,
,,,,greatest depth of snow on ground,,,,
,,,,0,,,,
,,,,on,,,,
,,,,,,,,
,,,,,,,,
,,,,,,,,
,,,,,,,,
16-Jul,,,,,,,,
,,,,,,,,
Day,Max,Min,Liquid,Snow,Depth,At Obs,,
1,89,67,0,0,0,,,
2,87,71,0.04,0,0,72,,
3,80,69,0,0,0,75,,
4,82,67,0,0,0,74,,
5,81,67,0.55,0,0,77,,
6,90,72,0,0,0,86,,
7,96,76,0,0,0,87,,
8,96,78,0,0,0,,,
9,96,74,0,0,0,,,
10,80,71,0.3,0,0,76,,
11,86,71,0,0,0,,,
12,87,66,0,0,0,79,,
13,89,73,0,0,0,78,,
14,80,76,0,0,0,79,,
15,95,80,0,0,0,87,,
16,93,80,0,0,0,85,,
17,95,74,0,0,0,83,,
18,93,76,0,0,0,85,,
19,96,72,1.09,0,0,81,,
20,89,72,0,0,0,77,,
21,88,72,0,0,0,83,,
22,91,72,0,0,0,82,,
23,98,75,0,0,0,,,
24,84,72,1.01,0,0,83,,
25,97,72,1.85,0,0,82,,
26,84,79,0,0,0,83,,
27,88,77,0,0,0,88,,
28,94,72,0,0,0,,,
29,90,76,0,0,0,,,
30,91,75,0.8,0,0,80,,
31,,,,,,,,
#days,,,,,,,,
Sum,2685,2194,5.64,0,x,,,
Avg,89.5,73.13333333,,,,,,
Avg Month,81.31666667,,,,,,,
,,,,,,,,
,,,,,,,,
,,,,,,,,
Highest,98,on,,greatest in 24 hrs,,,,
Lowest,66,on,,1.85,,,,
#max<=32,0,,,on,,,,
#max>=90,15,,,,,,,
#min<=32,0,,,,,,,
#min>=0,30,,,greatest snowfall in 24hrs,,,,
,,,,0,,,,
,,,,on,,,,
,,,,,,,,
,,,,,,,,
,,,,greatest depth of snow on ground,,,,
,,,,0,,,,
,,,,on,,,,
,,,,,,,,
,,,,,,,,
,,,,,,,,
,,,,,,,,
16-Aug,,,,,,,,
,,,,,,,,
Day,Max,Min,Liquid,Snow,Depth,At Obs,,
1,92,75,0,0,0,76,,
2,78,73,0.01,0,0,74,,
3,81,70,0,0,0,74,,
4,84,67,0,0,0,75,,
5,86,67,0,0,0,83,,
6,86,70,0,0,0,83,,
7,92,76,0,0,0,79,,
8,90,71,0,0,0,79,,
9,84,75,0,0,0,79,,
10,92,72,0,0,0,81,,
11,93,78,0,0,0,80,,
12,95,79,0.05,0,0,87,,
13,98,81,0,0,0,90,,
14,99,82,0,0,0,,,
15,98,82,0,0,0,83,,
16,95,76,0,0,0,84,,
17,95,78,0.205,0,0,85,,
18,91,77,0.19,0,0,75,,
19,89,74,0,0,0,80,,
20,92,72,0,0,0,82,,
21,92,74,0,0,0,85,,
22,91,72,1.15,0,0,73,,
23,82,69,0,0,0,73,,
24,91,72,0,0,0,77,,
25,87,61,0,0,0,79,,
26,88,70,T,0,0,87,,
27,94,75,0,0,0,82,,
28,92,74,0,0,0,80,,
29,93,73,0,0,0,,,
30,95,73,0,0,0,77,,
31,91,71,0,0,0,82,,
#days,,,,,,,,
Sum,2806,2279,1.605,0,x,,,
Avg,90.51612903,73.51612903,,,,,,
Avg Month,82.01612903,,,,,,,
,,,,,,,,
,,,,,,,,
,,,,,,,,
Highest,99,on,,greatest in 24 hrs,,,,
Lowest,61,on,,1.15,,,,
#max<=32,0,,,on,,,,
#max>=90,21,,,,,,,
#min<=32,0,,,,,,,
#min>=0,31,,,greatest snowfall in 24hrs,,,,
,,,,0,,,,
,,,,on,,,,
,,,,,,,,
,,,,,,,,
,,,,greatest depth of snow on ground,,,,
,,,,0,,,,
,,,,on,,,,
,,,,,,,,
,,,,,,,,
,,,,,,,,
,,,,,,,,
16-Sep,,,,,,,,
,,,,,,,,
Day,Max,Min,Liquid,Snow,Depth,At Obs,,
1,92,73,0.2,0,0,74,,
2,80,71,0,0,0,71,,
3,82,64,0,0,0,,,
4,78,68,0,0,0,71,,
5,81,63,0,0,0,73,,
6,87,64,0,0,0,78,,
7,87,71,0,0,0,79,,
8,91,72,0,0,0,81,,
9,95,74,0,0,0,87,,
10,95,81,0,0,0,,,
11,97,79,0,0,0,82,,
12,86,71,0,0,0,71,,
13,84,64,0,0,0,73,,
14,93,69,0,0,0,68,,
15,77,65,0,0,0,67,,
16,79,61,0,0,0,70,,
17,79,61,0,0,0,,,
18,84,61,0,0,0,74,,
19,86,71,1.44,0,0,70,,
20,77,68,0.14,0,0,71,,
21,82,68,,0,0,73,,
22,84,68,0,0,0,74,,
23,86,66,0,0,0,71,,
24,90,63,0,0,0,61,,
25,77,61,0,0,0,62,,
26,75,53,0,0,0,63,,
27,74,55,0.09,0,0,67,,
28,77,60,0,0,0,65,,
29,71,60,0.23,0,0,63,,
30,64,59,3.59,0,0,57,,
31,,,,,,,,
#days,,,,,,,,
Sum,2490,1984,5.69,0,x,,,
Avg,83,66.13333333,,,,,,
Avg Month,74.56666667,,,,,,,
,,,,,,,,
,,,,,,,,
,,,,,,,,
Highest,97,on,,greatest in 24 hrs,,,,
Lowest,53,on,,3.59,,,,
#max<=32,0,,,on,,,,
#max>=90,7,,,,,,,
#min<=32,0,,,,,,,
#min>=0,30,,,greatest snowfall in 24hrs,,,,
,,,,0,,,,
,,,,on,,,,
,,,,,,,,
,,,,,,,,
,,,,greatest depth of snow on ground,,,,
,,,,0,,,,
,,,,on,,,,
,,,,,,,,
16-Oct,,,,,,,,
,,,,,,,,
Day,Max,Min,Liquid,Snow,Depth,At Obs,,
1,63,56,0.17,0,0,58,,
2,63,57,0.04,0,0,60,,
3,66,59,T,0,0,63,,
4,76,59,0,0,0,64,,
5,67,59,0,0,0,61,,
6,70,55,0,0,0,61,,
7,74,54,0,0,0,64,,
8,76,55,0,0,0,63,,
9,67,60,0,0,0,,,
10,65,52,1,0,0,,,
11,65,46,0.8,0,0,53,,
12,66,50,0,0,0,,,
13,71,50,0,0,0,60,,
14,68,54,T,0,0,52,,
15,66,48,0,0,0,52,,
16,69,45,0,0,0,56,,
17,72,52,0,0,0,62,,
18,84,60,0,0,0,66,,
19,84,65,0,0,0,72,,
20,87,68,0,0,0,68,,
21,80,64,0,0,0,68,,
22,82,57,0.4,0,0,51,,
23,57,49,0,0,0,51,,
24,65,46,0,0,0,57,,
25,65,47,0,0,0,50,,
26,55,45,0,0,0,42,,
27,53,38,0,0,0,46,,
28,60,44,0,0,0,48,,
29,59,45,0,0,0,47,,
30,68,42,0,0,0,63,,
31,68,42,0.25,0,0,48,,
#days,,,,,,,,
Sum,2131,1623,2.66,0,x,,,
Avg,68.7,52.4,,,,,,
Avg Month,60.5,,,,,,,
,,,,,,,,
,,,,,,,,
,,,,,,,,
Highest,87,on,,greatest in 24 hrs,,,,
Lowest,38,on,,1,,,,
#max<=32,0,,,on,,,,
#max>=90,0,,,,,,,
#min<=32,0,,,,,,,
#min>=0,31,,,greatest snowfall in 24hrs,,,,
,,,,0,,,,
,,,,on,,,,
,,,,,,,,
,,,,,,,,
,,,,greatest depth of snow on ground,,,,
,,,,0,,,,
,,,,on,,,,
,,,,,,,,
,,,,,,,,
,,,,,,,,
16-Nov,,,,,,,,
,,,,,,,,
Day,Max,Min,Liquid,Snow,Depth,At Obs,,
1,58,41,0,0,0,46,,
2,60,41,0,0,0,55,,
3,70,53,0,0,0,59,,
4,72,57,0,0,0,54,,
5,61,50,0,0,0,48,,
6,66,43,0,0,0,NO DATA,,
7,63,47,0,0,0,46,,
8,57,39,0,0,0,53,,
9,71,42,T,0,0,53,,
10,56,47,0.4,0,0,45,,
11,58,41,0,0,0,57,,
12,63,43,0,0,0,40,,
13,52,37,0,0,0,44,,
14,62,38,0,0,0,47,,
15,60,44,T,0,0,52,,
16,63,48,0,0,0,53,,
17,62,44,0,0,0,52,,
18,62,49,0,0,0,52,,
19,71,45,0,0,0,53,,
20,73,37,0,0,0,NO DATA,,
21,44,37,0,0,0,40,,
22,45,38,0,0,0,NO DATA,,
23,47,37,0,0,0,36,,
24,50,33,0,0,0,NO DATA,,
25,55,40,0,0,0,48,,
26,54,46,0,0,0,46,,
27,51,42,T,0,0,43,,
28,50,39,0,0,0,NO DATA,,
29,56,38,0.24,0,0,56,,
30,60,48,0,0,0,NO DATA,,
31,,,,,,,,
#days,,,,,,,,
Sum,1772,1284,0.64,0,x,,,
Avg,59.1,42.8,,,,,,
Avg Month,50.9,,,,,,,
,,,,,,,,
,,,,,,,,
,,,,,,,,
Highest,73,on,,greatest in 24 hrs,,,,
Lowest,33,on,,0.4,,,,
#max<=32,0,,,on,,,,
#max>=90,0,,,,,,,
#min<=32,0,,,,,,,
#min>=0,30,,,greatest snowfall in 24hrs,,,,
,,,,0,,,,
,,,,on,,,,
,,,,,,,,
,,,,,,,,
,,,,greatest depth of snow on ground,,,,
,,,,0,,,,
,,,,on,,,,
,,,,,,,,
,,,,,,,,
,,,,,,,,
16-Dec,,,,,,,,
,,,,,,,,
Day,Max,Min,Liquid,Snow,Depth,At obs,,
1,60,55,2.25,0,0,52,,
2,62,43,0,0,0,45,,
3,52,40,0,0,0,44,,
4,51,42,No Data,0,0,No Data,,
5,48,42,0.15,0,0,43,,
6,52,38,0,0,0,41,,
7,45,38,0.86,0,0,41,,
8,47,40,T,0,0,40,,
9,45,32,0,0,0,45,,
10,38,30,0,0,0,32,,
11,38,28,0,0,0,31,,
12,35,29,0.56,0,0,34,,
13,51,34,0,0,0,38,,
14,45,36,0,0,0,37,,
15,44,35,0.02,0.3,0,23,,
16,37,18,0,0,0.1,19,,
17,27,15,0.55,0.4,0.5,31,,
18,40,25,0.66,0,0,,,
19,60,35,0,0,0,25,,
20,35,25,0,0,0,26,,
21,36,21,0,0,0,33,,
22,45,29,0,0,0,42,,
23,53,36,0,0,0,38,,
24,47,35,0.37,0,0,40,,
25,47,38,0,0,0,,,
26,50,38,0,0,0,37,,
27,48,36,0.05,0,0,56,,
28,64,48,T,0,0,41,,
29,48,36,0,0,0,,,
30,45,34,0.41,,0,37,,
31,42,34,0,0,0,35,,
#days,,,,,,,,
Sum,1437,1065,5.88,0.7,x,,,
Avg,46.4,34.4,,,,,,
Avg Month,40.4,,,,,,,
,,,,,,,,
,,,,,,,,
,,,,,,,,
Highest,64,on,,greatest in 24 hrs,,,,
Lowest,15,on,,2.25,,,,
#max<=32,1,,,on,,,,
#max>=90,0,,,,,,,
#min<=32,10,,,,,,,
#min>=0,31,,,greatest snowfall in 24hrs,,,,
,,,,0.4,,,,
,,,,on,,,,
,,,,n/a,,,,
,,,,,,,,
,,,,greatest depth of snow on ground,,,,
,,,,0.5,,,,
,,,,on,n/a,,,
,,,,,,,,
17-Jan,,,,,,,,
,,,,,,,,
Day,Max,Min,Liquid,Snow,Depth,OBS,,
1,45,31,0,0,0,No Data,,
2,53,41,0.16,0,0,39,,
3,43,38,No Data,0,0,No Data,,
4,47,41,0.56,0,0,48,,
5,54,36,0,0,0,29,,
6,36,28,0.8,1.6,1.6,29,,
7,33,25,0.02,0.5,0.5,20,,
8,26,20,0.08,1.5,1.5,17,,
9,25,15,0,0,0,18,,
10,25,15,0,0,0,27,,
11,40,20,0.25,0,0,42,,
12,53,40,0.22,0,0,58,,
13,66,47,0,0,0,46,,
14,62,35,0,0,0,33,,
15,36,30,0,0,0,32,,
16,41,31,T,0,T,31,,
17,44,27,0,0,0,40,,
18,45,38,0.58,0,0,42,,
19,47,40,T,0,0,45,,
20,48,42,0,0,0,39,,
21,43,37,T,0,0,44,,
22,47,43,T,0,0,45,,
23,50,45,0.02,0,0,40,,
24,46,37,0.88,0,0,38,,
25,45,36,0,0,0,46,,
26,55,40,T,0,0,47,,
27,55,43,0,0,0,44,,
28,44,35,0,0,0,36,,
29,40,34,T,0,0,38,,
30,40,34,0,0,0,34,,
31,39,30,0.1,0,0,31,,
#days,,,,,,,,
Sum,1373,1054,3.67,3.6,x,,,
Avg,44.3,34,,,,,,
Avg Month,39.1,,,,,,,
,,,,,,,,
,,,,,,,,
,,,,,,,,
Highest,66,on,,greatest in 24 hrs,,,,
Lowest,15,on,,0.88,,,,
#max<=32,3,,,on,,,,
#max>=90,0,,,,,,,
#min<=32,11,,,,,,,
#min>=0,31,,,greatest snowfall in 24hrs,,,,
,,,,1.6,,,,
,,,,on,,,,
,,,,,,,,
,,,,,,,,
,,,,greatest depth of snow on ground,,,,
,,,,1.6,,,,
,,,,on,,,,
,,,,,,,,
,,,,,,,,
,,,,,,,,
17-Feb,,,,,,,,
,,,,,,,,
Day,Max,Min,Liquid,Snow,Depth,OBS,,
1,40,27,0,0,0,44,,
2,49,37,0,0,0,40,,
3,47,34,0,0,0,34,,
4,47,34,0,0,0,25,,
5,36,22,0,0,0,35,,
6,43,30,0,0,0,43,,
7,55,39,0,0,0,48,,
8,50,42,T,0,0,60,,
9,66,42,0.6,1.5,1.5,29,,
10,49,23,0,0.1,1.7,25,,
11,33,22,0,0,0.5,38,,
12,46,36,0.23,0,0,41,,
13,41,33,0,0,0,33,,
14,45,30,0,0,0,39,,
15,45,30,0,0,0,,,
16,52,36,0,0,0,34,,
17,39,31,0,0,0,30,,
18,47,28,0,0,0,41,,
19,68,33,0,0,0,61,,
20,71,55,0,0,0,50,,
21,59,45,0,0,0,41,,
22,54,37,0,0,0,45,,
23,60,42,T,0,0,53,,
24,73,49,0,0,0,62,,
25,75,56,0,0,0,65,,
26,74,48,0.54,0,,36,,
27,74,48,0,0,0,44,,
28,54,35,0,0,0,54,,
29,,,,,,,,
30,,,,,,,,
31,,,,,,,,
#days,,,,,,,,
Sum,1492,1024,1.37,1.6,x,,,
Avg,53.3,36.6,,,,,,
Avg Month,44.9,,,,,,,
,,,,,,,,
,,,,,,,,
,,,,,,,,
Highest,75,on,,greatest in 24 hrs,,,,
Lowest,22,on,,0.6,,,,
#max<=32,0,,,on,,,,
#max>=90,0,,,,,,,
#min<=32,9,,,,,,,
#min>=0,28,,,greatest snowfall in 24hrs,,,,
,,,,1.5,,,,
,,,,on,,,,
,,,,,,,,
,,,,,,,,
,,,,greatest depth of snow on ground,,,,
,,,,1.7,,,,
,,,,on,,,,
,,,,,,,,
,,,,,,,,
,,,,,,,,
,,,,,,,,
,,,,,,,,
17-Mar,,,,,,,,
,,,,,,,,
Day,Max,Min,Liquid,Snow,Depth,OBS,,
1,54,35,T,0,0,60,,
2,73,56,0,0,0,45,,
3,63,38,0,0,0,36,,
4,41,29,T,T,T,29,,
5,36,22,0,0,0,25,,
6,39,15,0,0,0,39,,
7,52,29,0.02,0,0,46,,
8,56,43,0,0,0,51,,
9,64,49,0,0,0,59,,
10,68,51,0.14,T,T,33,,
11,51,29,0.14,T,T,24,,
12,32,20,T,T,T,25,,
13,34,23,0,0,0,28,,
14,42,23,no data,no data,no data,no data,,
15,33,23,1.43,4,4,22,,
16,31,20,T,T,T,29,,
17,39,25,0,0,0,34,,
18,45,29,0,0,0,38,,
19,41,36,0,0,0,37,,
20,50,35,0,0,0,no data,,
21,54,34,0,0,0,44,,
22,60,43,0,0,0,38,,
23,53,28,0,0,0,31,,
24,48,24,0,0,0,40,,
25,57,34,0,0,0,56,,
26,77,45,0.02,0,0,43,,
27,45,40,T,0,0,44,,
28,61,41,0.77,0,0,50,,
29,53,48,0.3,0,0,47,,
30,ERROR,ERROR,0,0,0,44,,
31,52,42,0.45,0,0,40,,
#days,,,,,,,,
Sum,1504,1009,3.27,4,x,,,
Avg,50.1,33.6,,,,,,
Avg Month,41.9,,,,,,,
,,,,,,,,
,,,,,,,,
,,,,,,,,
Highest,77,on,,greatest in 24 hrs,,,,
Lowest,15,on,,1.43,,,,
#max<=32,2,,,on,,,,
#max>=90,0,,,,,,,
#min<=32,14,,,,,,,
#min>=0,30,,,greatest snowfall in 24hrs,,,,
,,,,4,,,,
,,,,on,,,,
,,,,,,,,
,,,,,,,,
,,,,greatest depth of snow on ground,,,,
,,,,4,,,,
,,,,on,,,,
,,,,,,,,
,,,,,,,,
,,,,,,,,
,,,,,,,,
17-Apr,,,,,,,,
,,,,,,,,
Day,Max,Min,Liquid,Snow,Depth,OBS,,
1,47,37,1.3,0,0,42,,
2,52,38,0,0,0,47,,
3,64,41,0,0,0,57,,
4,70,49,0.4,0,0,63,,
5,77,51,0,0,0,58,,
6,70,50,0.09,0,0,45,,
7,59,45,1.58,0,0,51,,
8,51,41,T,0,0,45,,
9,60,39,0,0,0,54,,
10,71,42,0,0,0,58,,
11,81,51,0,0,0,69,,
12,85,59,0,0,0,69,,
13,78,62,0,0,0,53,,
14,67,49,0,0,0,56,,
15,70,50,0,0,0,54,,
16,68,50,T,0,0,69,,
17,88,60,0.02,0,0,71,,
18,73,61,0.03,0,0,57,,
19,71,50,0,0,0,52,,
20,64,46,0,0,0,61,,
21,77,54,0.24,0,0,52,,
22,62,51,0.15,0,0,56,,
23,57,50,0.16,0,0,53,,
24,67,46,0,0,0,M,,
25,60,50,0.03,0,0,53,,
26,57,52,0.73,0,0,57,,
27,66,57,T,0,0,65,,
28,82,65,0.03,0,0,77,,
29,87,69,M,0,0,M,,
30,89,65,0.05,0,0,67,,
#days,31,,,,,,,
Sum,2070,1530,4.81,0,x,,,
Avg,69,51,,,,,,
Avg Month,60,,,,,,,
,,,,,,,,
,,,,,,,,
,,,,,,,,
,,,,,,,,
,,,,,,,,
,,,,,,,,
,,,,,,,,
,,,,,,,,
,,,,,,,,
,,,,,,,,
,,,,,,,,
,,,,,,,,
,,,,,,,,
,,,,,,,,
,,,,,,,,
,,,,,,,,
,,,,,,,,
,,,,,,,,
17-May,,,,,,,,
,,,,,,,,
Day,Max,Min,Liquid,Snow,Depth,At Obs,,
1,73,50,0,0,0,58,,
2,84,58,0.05,0,0,71,,
3,76,59,0,0,0,61,,
4,67,51,0,0,0,58,,
5,67,53,0.21,0,0,58,,
6,70,58,1.2,0,0,61,,
7,65,50,0,0,0,53,,
8,56,43,0.05,0,0,49,,
9,61,46,T,0,0,54,,
10,65,52,0,0,0,56,,
11,71,50,0,0,0,56,,
12,61,50,0,0,0,55,,
13,60,49,1.2,0,0,50,,
14,57,47,0.9,0,0,57,,
15,73,52,0,0,0,60,,
16,73,57,0,0,0,67,,
17,NA,NA,0,0,0,74,,
18,93,63,0,0,0,80,,
19,94,74,0,0,0,85,,
20,94,73,0.12,0,0,61,,
21,79,57,0,0,0,63,,
22,74,53,0.06,0,0,58,,
23,65,55,0.4,0,0,62,,
24,67,60,0.165,0,0,61,,
25,71,58,0.83,0,0,55,,
26,64,54,1.85,0,0,66,,
27,76,58,T,0,0,68,,
28,75,59,0,0,0,71,,
29,79,60,0.04,0,0,58,,
30,62,57,0.06,0,0,58,,
31,62,56,0.06,0,0,62,,
#days,31,,,,,,,
Sum,2134,1662,7.2,0,x,,,
Avg,71.1,55.4,,,,,,
Avg Month,63.3,,,,,,,
,,,,,,,,
,,,,,,,,
,,,,,,,,
Highest,94,on,,greatest in 24 hrs,,,,
Lowest,43,on,,1.85,,,,
#max<=32,0,,,on,,,,
#max>=90,3,,,,,,,
#min<=32,0,,,,,,,
#min>=0,30,,,greatest snowfall in 24hrs,,,,
,,,,0,,,,
,,,,on,,,,
,,,,,,,,
,,,,,,,,
,,,,greatest depth of snow on ground,,,,
,,,,0,,,,
,,,,on,,,,
17-Jun,,,,,,,,
,,,,,,,,
Day,Max,Min,Liquid,Snow,Depth,OBS,,
1,82,60,T,0,0,75,,
2,83,65,0,0,0,73,,
3,81,59,0.02,0,0,60,,
4,77,59,0,0,0,70,,
5,81,59,T,0,0,74,,
6,74,66,0.64,0,0,61,,
7,67,56,No Data,0,0,No Data,,
8,66,53,T,0,0,66,,
9,71,55,0,0,0,55,,
10,84,55,0,0,0,77,,
11,89,67,0,0,0,85,,
12,95,71,0,0,0,86,,
13,96,76,0,0,0,89,,
14,98,77,0.02,0,0,77,,
15,84,71,0,0,0,72,,
16,85,65,0,0,0,70,,
17,81,65,0.02,0,0,72,,
18,81,68,0,0,0,80,,
19,90,75,0.13,0,0,83,,
20,91,71,0.7,0,0,78,,
21,88,72,0,0,0,80,,
22,90,69,0.19,0,0,79,,
23,90,69,0.01,0,0,77,,
24,90,75,1.2,0,0,77,,
25,88,70,0,0,0,80,,
26,87,71,0,0,0,75,,
27,84,66,0,0,0,68,,
28,81,62,0,0,0,72,,
29,82,61,0.23,0,0,76,,
30,89,68,0,0,0,80,,
31,,,,0,0,,,
#days,31,,,,,,,
Sum,2525,1976,3.16,0,x,,,
Avg,84.2,65.9,,,,,,
Avg Month,75,,,,,,,
,,,,,,,,
,,,,,,,,
,,,,,,,,
Highest,98,on,,greatest in 24 hrs,,,,
Lowest,53,on,,1.2,,,,
#max<=32,0,,,on,,,,
#max>=90,8,,,,,,,
#min<=32,0,,,,,,,
#min>=0,30,,,greatest snowfall in 24hrs,,,,
,,,,0,,,,
,,,,on,,,,
,,,,,,,,
,,,,,,,,
,,,,greatest depth of snow on ground,,,,
,,,,0,,,,
,,,,on,,,,
17-Jul,,,,,,,,
,,,,,,,,
Day,Max,Min,Liquid,Snow,Depth,OBS,,
1,94,74,0,0,0,80,,
2,89,73,0.67,0,0,81,,
3,92,73,0,0,0,84,,
4,93,76,0,0,0,78,,
5,92,72,0.47,0,0,74,,
6,84,72,T,0,0,72,,
7,73,70,0.27,0,0,74,,
8,87,69,0.44,0,0,78,,
9,88,71,0,0,0,77,,
10,86,68,0,0,0,80,,
11,89,70,0,0,0,80,,
12,92,70,0,0,0,86,,
13,92,76,0,0,0,89,,
14,95,76,0.19,0,0,76,,
15,79,72,0.23,0,0,77,,
16,88,73,0,0,0,80,,
17,89,69,0,0,0,ND,,
18,92,74,T,0,0,79,,
19,94,74,0,0,0,84,,
20,96,77,0,0,0,88,,
21,96,80,0,0,0,84,,
22,95,78,0,0,0,86,,
23,96,75,0.77,0,0,76,,
24,86,72,1.22,0,0,76,,
25,90,69,0.64,0,0,69,,
26,78,66,T,0,0,70,,
27,79,67,0,0,0,73,,
28,83,68,T,0,0,74,,
29,86,72,0.41,0,0,67,,
30,77,66,T,0,0,73,,
31,85,62,0,0,0,71,,
#days,,,,,,,,
Sum,2735,2224,5.31,0,x,,,
Avg,88.2,71.7,,,,,,
Avg Month,80,,,,,,,
,,,,,,,,
,,,,,,,,
,,,,,,,,
Highest,96,on,,greatest in 24 hrs,,,,
Lowest,62,on,,1.22,,,,
#max<=32,0,,,on,,,,
#max>=90,14,,,,,,,
#min<=32,0,,,,,,,
#min>=0,31,,,greatest snowfall in 24hrs,,,,
,,,,0,,,,
,,,,on,,,,
,,,,,,,,
,,,,,,,,
,,,,greatest depth of snow on ground,,,,
,,,,0,,,,
,,,,on,,,,
,,,,,,,,
17-Aug,,,,,,,,
,,,,,,,,
Day,Max,Min,Liquid,Snow,Depth,OBS,,
1,90,67,0,0,0,84,,
2,93,72,0,0,0,83,,
3,91,70,0.45,0,0,78,,
4,90,69,0,0,0,81,,
5,93,74,0.92,0,0,72,,
6,79,68,0,0,0,77,,
7,80,64,0.52,0,0,68,,
8,73,67,0.53,0,0,M,,
9,81,67,0,0,0,M,,
10,87,65,0,0,0,78,,
11,86,78,0,0,0,78,,
12,86,72,0.13,0,0,72,,
13,84,70,-,0,0,75,,
14,86,69,T,0,0,76,,
15,85,68,M,0,0,M,,
16,78,71,0.33,0,0,78,,
17,90,70,0,0,0,78,,
18,91,71,0,0,0,78,,
19,90,75,0.72,0,0,80,,
20,90,75,T,0,0,75,,
21,86,68,0,0,0,81,,
22,89,71,T,0,0,78,,
23,93,73,0.8,0,0,76,,
24,84,71,0,0,0,71,,
25,84,65,0,0,0,70,,
26,80,65,0,0,0,71,,
27,81,66,0,0,0,70,,
28,78,61,T,0,0,70,,
29,75,62,0.08,0,0,66,,
30,67,62,0.73,0,0,66,,
31,79,60,0,0,0,76,,
#days,,,,,,,,
Sum,2619,2126,5.21,0,x,,,
Avg,84.5,68.6,,,,,,
Avg Month,76.5,,,,,,,
,,,,,,,,
,,,,,,,,
,,,,,,,,
Highest,93,on,,greatest in 24 hrs,,,,
Lowest,60,on,,0.92,,,,
#max<=32,0,,,on,,,,
#max>=90,10,,,,,,,
#min<=32,0,,,,,,,
#min>=0,31,,,greatest snowfall in 24hrs,,,,
,,,,0,,,,
,,,,on,,,,
,,,,,,,,
,,,,,,,,
,,,,greatest depth of snow on ground,,,,
,,,,0,,,,
,,,,on,,,,
,,,,,,,,
17-Sep,,,,,,,,
,,,,,,,,
Day,Max,Min,Liquid,Snow,Depth,,,
1,87,66,0,0,0,60,,
2,71,57,0,0,0,60,,
3,66,57,0.5,0,0,66,,
4,75,60,T,0,0,71,,
5,83,62,0,0,0,76,,
6,89,70,0.4,0,0,67,,
7,71,61,M,,,M,,
8,74,58,0.34,0,0,66,,
9,74,58,0,0,0,61,,
10,72,54,0,0,0,64,,
11,75,54,M,0,0,M,,
12,80,56,0,0,0,67,,
13,83,60,0,0,0,72,,
14,77,65,0.11,0,0,73,,
15,84,70,0,0,0,73,,
16,87,66,0,0,0,78,,
17,89,68,0.16,0,0,70,,
18,80,69,0,0,0,71,,
19,80,68,0,0,0,72,,
20,79,70,0.12,0,0,72,,
21,87,70,0,0,0,77,,
22,88,70,0.09,0,0,71,,
23,84,69,0,0,0,75,,
24,90,68,0,0,0,83,,
25,92,70,M,M,M,M,,
26,90,72,0,0,0,71,,
27,84,67,M,0,0,M,,
28,89,71,0,0,0,72,,
29,79,62,0,0,0,61,,
30,73,55,0,0,0,60,,
31,,,,,,,,
,,,,,,,,
#days,,,,,,,,
Sum,2432,1923,1.72,0,x,,,
Avg,81.1,64.1,,,,,,
Avg Month,72.6,,,,,,,
,,,,,,,,
,,,,,,,,
,,,,,,,,
Highest,92,on,,greatest in 24 hrs,,,,
Lowest,54,on,,0.5,,,,
#max<=32,0,,,on,,,,
#max>=90,3,,,,,,,
#min<=32,0,,,,,,,
#min>=0,30,,,greatest snowfall in 24hrs,,,,
,,,,0,,,,
,,,,on,,,,
,,,,,,,,
,,,,,,,,
,,,,greatest depth of snow on ground,,,,
,,,,0,,,,
,,,,on,,,,
,,,,,,,,
17-Oct,,,,,,,,
,,,,,,,,
Day,Max,Min,Liquid,Snow,Depth,,,
1,65,54,0,0,0,56,,
2,71,50,0,0,0,60,,
3,76,53,0,0,0,63,,
4,74,55,0,0,0,62,,
5,77,57,0,0,0,67,,
6,81,62,t,0,0,73,,
7,83,68,0,0,0,72,,
8,85,68,T,0,0,75,,
9,80,73,0.17,0,0,75,,
10,80,73,M,0,0,73,,
11,84,70,0.83,0,0,M,,
12,77,67,0.4,0,0,60,,
13,67,58,0.18,0,0,58,,
14,66,56,0.04,0,0,63,,
15,72,61,0.05,0,0,67,,
16,71,66,M,0,0,60,,
17,70,51,M,0,0,50,,
18,63,42,0.1,0,0,53,,
19,74,49,0,0,0,56,,
20,72,54,0,0,0,62,,
21,75,57,0,0,0,60,,
22,79,54,0,0,0,58,,
23,77,53,0,0,0,68,,
24,77,60,0.07,0,0,72,,
25,76,66,0.03,0,0,57,,
26,66,53,0.56,0,0,50,,
27,59,47,0,0,0,50,,
28,67,46,0,0,0,57,,
29,72,54,0.07,0,0,63,,
30,66,60,2.8,0,0,52,,
31,,,,,,,,
#days,,,,,,,,
Sum,2202,1737,5.3,0,x,,,
Avg,73.4,57.9,,,,,,
Avg Month,65.7,,,,,,,
,,,,,,,,
,,,,,,,,
,,,,,,,,
Highest,85,on,,greatest in 24 hrs,,,,
Lowest,42,on,,2.8,,,,
#max<=32,0,,,on,,,,
#max>=90,0,,,,,,,
#min<=32,0,,,,,,,
#min>=0,30,,,greatest snowfall in 24hrs,,,,
,,,,0,,,,
,,,,on,,,,
,,,,,,,,
,,,,,,,,
,,,,greatest depth of snow on ground,,,,
,,,,0,,,,
,,,,on,,,,
,,,,,,,,
,,,,,,,,
17-Nov,,,,,,,,
,,,,,,,,
Day,Max,Min,Liquid,Snow,Depth,,,
1,60,47,0,0,0,47,,
2,63,44,0,0,0,M,,
3,77,60,0,0,0,62,,
4,74,56,0,0,0,48,,
5,59,45,0.2,0,0,56,,
6,69,52,0.15,0,0,63,,
7,70,50,0.23,0,0,M,,
8,50,41,0.45,0,0,42,,
9,52,40,0,0,0,51,,
10,58,45,0.02,0,0,38,,
11,53,27,T,T,T,29,,
12,41,23,0,0,0,39,,
13,48,32,0.36,0,0,39,,
14,45,38,0.26,0,0,43,,
15,49,36,T,0,0,42,,
16,51,37,0.03,0,0,50,,
17,60,45,M,0,0,M,,
18,52,41,M,0,0,M,,
19,56,38,0.48,0,0,50,,
20,61,42,0,0,0,M,,
21,48,37,0,0,0,48,,
22,58,42,0.08,0,0,52,,
23,57,39,0,0,0,M,,
24,43,31,0,0,0,38,,
25,53,38,0,0,0,45,,
26,60,40,T,0,0,46,,
27,53,40,0,0,0,46,,
28,53,41,0,0,0,43,,
29,63,39,0,0,0,51,,
30,64,47,M,0,0,M,,
31,,,,,,,,
#days,,,,,,,,
Sum,1700,1233,2.26,0,x,,,
Avg,56.7,41.1,,,,,,
Avg Month,48.9,,,,,,,
,,,,,,,,
,,,,,,,,
,,,,,,,,
Highest,77,on,,greatest in 24 hrs,,,,
Lowest,23,on,,0.48,,,,
#max<=32,0,,,on,,,,
#max>=90,0,,,,,,,
#min<=32,4,,,,,,,
#min>=0,30,,,greatest snowfall in 24hrs,,,,
,,,,0,,,,
,,,,on,,,,
,,,,,,,,
,,,,,,,,
,,,,greatest depth of snow on ground,,,,
,,,,0,,,,
,,,,on,,,,
,,,,,,,,
17-Dec,,,,,,,,
,,,,,,,,
Day,Max,Min,Liquid,Snow,Depth,,,
1,58,39,0.02,0,0,48,,
2,54,44,0,0,0,41,,
3,52,37,0,0,0,43,,
4,54,40,0,0,0,42,,
5,52,36,0,0,0,56,,
6,63,48,0.27,0,0,41,,
7,58,40,0.03,0,0,44,,
8,46,38,0.01,0,0,35,,
9,42,34,0,0,0,35,,
10,37,28,0.86,4.2,4.2,30,,
11,39,29,0,0,3.9,37,,
12,43,33,0.03,0,0,45,,
13,46,28,0,0,0,25,,
14,32,21,0.06,0.8,0.8,31,,
15,35,25,0,0,T,27,,
16,29,24,0.15,2,2,29,,
17,41,24,0,0,T,35,,
18,43,33,0,0,T,39,,
19,51,37,0,0,0,48,,
20,58,45,0,0,0,45,,
21,51,38,0,0,0,35,,
22,43,32,0,0,0,39,,
23,50,43,0.1,0,0,47,,
24,60,37,0.45,0,0,39,,
25,39,29,T,0,0,M,,
26,42,25,0,0,0,27,,
27,33,21,0,0,0,22,,
28,33,13,0.1,0,0,14,,
29,23,14,0,0,0,17,,
30,25,14,,1.1,1,19,,
31,28,14,T,T,0.5,14,,
#days,,,,,,,,
Sum,1360,963,2.08,8.1,x,,,
Avg,43.9,31.1,,,,,,
Avg Month,37.5,,,,,,,
,,,,,,,,
,,,,,,,,
,,,,,,,,
Highest,63,on,,greatest in 24 hrs,,,,
Lowest,13,on,,0.86,,,,
#max<=32,5,,,on,,,,
#max>=90,0,,,,,,,
#min<=32,15,,,,,,,
#min>=0,31,,,greatest snowfall in 24hrs,,,,
,,,,4.2,,,,
,,,,on,,,,
,,,,,,,,
,,,,,,,,
,,,,greatest depth of snow on ground,,,,
,,,,4.2,,,,
,,,,on,,,,
,,,,,,,,
,,,,,,,,
18-Jan,,,,,,,,
Day,Max,Min,Liquid,Snow,Depth,OBS,,
1,20,8,M,M,M,M,,
2,28,8,0,0,T,16,,
3,25,16,0,0,T,20,,
4,32,16,0.22,1,1,23,,
5,26,11,0.14,3,4,12,,
6,17,7,0,0,3,9,,
7,17,7,0,0,3,8,,
8,24,8,0,0,2.7,23,,
9,39,8,0.04,0,2.6,39,,
10,46,30,0,0,T,33,,
11,47,33,0,0,0,47,,
12,64,47,0.16,0,0,63,,
13,65,31,1.51,0,0,31,,
14,35,13,0,0,0,16,,
15,27,16,0,0,0,22,,
16,33,16,0,0,0,30,,
17,45,29,0.11,0.3,T,29,,
18,29,17,0,0,0,23,,
19,36,17,0,0,0,33,,
20,45,33,0,0,0,40,,
21,57,37,0,0,0,44,,
22,57,37,0,0,0,50,,
23,60,37,0.25,0,0,58,,
24,63,37,T,0,0,41,,
25,63,26,0,0,0,29,,
26,37,26,0,0,0,30,,
27,43,30,0,0,0,39,,
28,58,35,0.2,0,0,50,,
29,58,39,0.12,0,0,41,,
30,45,34,0,0,0,35,,
31,45,17,0.12,0.4,0.4,20,,
#days,,,,,,,,
Sum,1286,726,2.87,4.7,x,,,
Avg,41.5,23.4,,,,,,
Avg Month,32.5,,,,,,,
,,,,,,,,
,,,,,,,,
,,,,,,,,
Highest,65,on,,greatest in 24 hrs,,,,
Lowest,7,on,,1.51,,,,
#max<=32,10,,,on,,,,
#max>=90,0,,,,,,,
#min<=32,21,,,,,,,
#min>=0,31,,,greatest snowfall in 24hrs,,,,
,,,,3,,,,
,,,,on,,,,
,,,,,,,,
,,,,,,,,
,,,,greatest depth of snow on ground,,,,
,,,,4,,,,
,,,,on,,,,
,,,,,,,,
,,,,,,,,
,,,,,,,,
18-Feb,,,,,,,,
Day,Max,Min,Liquid,Snow,Depth,OBS,,
1,38,20,0,0,0,38,,
2,47,20,0.17,T,T,27,,
3,47,18,T,T,T,22,,
4,31,18,0,0,0,36,,
5,38,32,0.94,0,0,32,,
6,34,28,0,0,0,33,,
7,37,28,1.4,0.2,0.2,32,,
8,37,30,M,M,M,M,,
9,49,26,0.13,0,0,31,,
10,41,30,0,0,0,41,,
11,47,35,1.5,0,0,52,,
12,62,46,0.76,0,0,46,,
13,48,27,0,0,0,29,,
14,43,29,0,0,0,38,,
15,53,29,0.19,0,0,49,,
16,62,29,0.49,0,0,58,,
17,M,M,T,0,0,31,,
18,M,M,T,T,0,38,,
19,M,M,0.52,0,0,42,,
20,M,M,0.01,0,0,53,,
21,74,53,0,0,0,63,,
22,78,47,0.01,0,0,47,,
23,47,38,0.26,0,0,38,,
24,48,38,0.03,0,0,48,,
25,50,41,0.67,0,0,45,,
26,50,43,0.13,0,0,48,,
27,52,38,T,0,0,46,,
28,59,41,0,0,0,47,,
29,,,,,,,,
30,,,,,,,,
31,,,,,,,,
#days,,,,,,,,
Sum,1172,784,7.21,0.2,x,,,
Avg,48.8,32.7,,,,,,
Avg Month,40.8,,,,,,,
,,,,,,,,
,,,,,,,,
,,,,,,,,
Highest,78,on,,greatest in 24 hrs,,,,
Lowest,18,on,,1.5,,,,
#max<=32,1,,,on,,,,
#max>=90,0,,,,,,,
#min<=32,14,,,,,,,
#min>=0,24,,,greatest snowfall in 24hrs,,,,
,,,,0.2,,,,
,,,,on,,,,
,,,,,,,,
,,,,,,,,
,,,,,,,,
18-Mar,,,,,,,,
Day,Max,Min,Liquid,Snow,Depth,OBS,,
1,61,47,0,0,0,52,,
2,60,38,1.25,0,0,39,,
3,59,33,0.77,2,2,39,,
4,45,32,0,0,0,39,,
5,M,M,M,M,M,M,,
6,46,40,T,0,0,41,,
7,M,M,M,M,M,M,,
8,51,30,1.8,4.1,4.1,36,,
9,42,31,M,M,2.7,36,,
10,43,30,T,0,1.5,36,,
11,45,31,T,0,1.2,37,,
12,46,31,0,0,0,35,,
13,46,31,0.11,0,0,35,,
14,43,31,0,0,0,34,,
15,41,32,0,0,0,37,,
16,46,33,0,0,0,35,,
17,42,29,0,0,0,35,,
18,39,33,0,0,0,35,,
19,52,33,0,0,0,43,,
20,52,38,0,0,0,34,,
21,M,M,M,M,M,M,,
22,52,29,1.13,6.6,6.6,36,,
23,49,35,0,0,1.8,38,,
24,47,34,0,0,0,38,,
25,50,34,0,0,0,34,,
26,47,34,0,0,0,39,,
27,49,34,0,0,0,38,,
28,48,37,0.02,0,0,42,,
29,52,42,0.12,0,0,52,,
30,74,51,T,0,0,66,,
31,70,39,0.16,0,0,44,,
#days,,,,,,,,
Sum,1397,972,5.36,12.7,x,,,
Avg,49.9,34.7,,,,,,
Avg Month,42.3,,,,,,,
,,,,,,,,
,,,,,,,,
,,,,,,,,
Highest,74,on,,greatest in 24 hrs,,,,
Lowest,29,on,,1.8,,,,
#max<=32,0,,,on,,,,
#max>=90,0,,,,,,,
#min<=32,11,,,,,,,
#min>=0,28,,,greatest snowfall in 24hrs,,,,
,,,,6.6,,,,
,,,,on,,,,
,,,,,,,,
,,,,,,,,
,,,,,,,,
18-Apr,,,,,,,,
Day,Max,Min,Liquid,Snow,Depth,OBS,,
1,60,43,0.2,0,0,50,,
2,64,33,T,T,0,35,,
3,64,33,T,0,0,40,,
4,64,34,0.11,0,0,54,,
5,66,41,0,0,0,37,,
6,47,37,0.07,0,0,43,,
7,65,41,0,0,0,42,,
8,47,32,0,0,0,36,,
9,49,32,0,0,0,37,,
10,49,32,0.02,0,0,41,,
11,51,37,0,0,0,45,,
12,55,48,0,0,0,51,,
13,72,51,0,0,0,63,,
14,85,64,0,0,0,69,,
15,84,41,0.05,0,0,42,,
16,49,40,3.2,0,0,52,,
17,67,40,0,0,0,44,,
18,47,38,0.02,0,0,43,,
19,M,M,M,M,M,M,,
20,58,36,0.02,0,0,43,,
21,55,39,0,0,0,48,,
22,62,39,0,0,0,57,,
23,68,46,0,0,0,59,,
24,73,47,0,0,0,61,,
25,66,47,0.36,0,0,59,,
26,69,51,0.02,0,0,55,,
27,69,54,0.43,0,0,54,,
28,61,51,T,0,0,61,,
29,77,47,0.4,0,0,49,,
30,77,45,T,0,0,47,,
31,,,,,,,,
#days,,,,,,,,
Sum,1820,1219,4.9,0,x,,,
Avg,62.8,42,,,,,,
Avg Month,52.4,,,,,,,
,,,,,,,,
,,,,,,,,
,,,,,,,,
Highest,85,on,,greatest in 24 hrs,,,,
Lowest,32,on,,3.2,,,,
#max<=32,0,,,on,,,,
#max>=90,0,,,,,,,
#min<=32,3,,,,,,,
#min>=0,29,,,greatest snowfall in 24hrs,,,,
,,,,0,,,,
,,,,on,,,,
,,,,,,,,
,,,,,,,,
,,,,,,,,
18-May,,,,,,,,
Day,Max,Min,Liquid,Snow,Depth,OBS,,
1,77,45,0,0,0,65,,
2,81,45,0,0,0,72,,
3,91,45,0,0,0,76,,
4,92,72,0,0,0,74,,
5,91,64,0,0,0,67,,
6,76,62,0,0,0,63,,
7,70,54,0.03,0,0,62,,
8,78,55,0,0,0,65,,
9,78,56,0,0,0,68,,
10,81,55,0,0,0,59,,
11,81,59,0.01,0,0,71,,
12,80,53,0.43,0,0,57,,
13,72,53,1.23,0,0,53,,
14,58,52,0.42,0,0,58,,
15,77,58,0,0,0,75,,
16,89,63,0.34,0,0,64,,
17,65,57,0.79,0,0,61,,
18,68,61,0.09,0,0,65,,
19,65,50,0.75,0,0,54,,
20,72,53,0.07,0,0,72,,
21,85,63,0.09,0,0,69,,
22,83,64,0,0,0,66,,
23,83,61,0.31,0,0,71,,
24,82,65,0,0,0,74,,
25,87,64,0,0,0,74,,
26,88,64,0,,,,,
27,93,66,0.79,,,,,
28,93,57,0.08,0,0,59,,
29,M,M,0,0,0,71,,
30,88,70,0,0,0,71,,
31,81,62,0.02,0,0,67,,
#days,,,,,,,,
Sum,2405,1748,5.45,0,x,,,
Avg,80.2,58.3,,,,,,
Avg Month,69.2,,,,,,,
,,,,,,,,
,,,,,,,,
,,,,,,,,
Highest,93,on,,greatest in 24 hrs,,,,
Lowest,45,on,,1.23,,,,
#max<=32,0,,,on,,,,
#max>=90,5,,,,,,,
#min<=32,0,,,,,,,
#min>=0,30,,,greatest snowfall in 24hrs,,,,
,,,,0,,,,
,,,,on,,,,
,,,,,,,,
,,,,,,,,
,,,,,,,,
,,,,,,,,
